xp_name,xp_step,time,x,y,poi,poi_dist
Experiment 1 - Localization Accuracy and Responsiveness,-1,2025-02-17T13:34:38.382661,7.10653585037101,5.196616122422038,,
Experiment 1 - Localization Accuracy and Responsiveness,-1,2025-02-17T13:34:39.456790,6.645215850520298,5.730807243268298,,
Experiment 1 - Localization Accuracy and Responsiveness,0,2025-02-17T13:34:40.208916,6.645215850520298,5.730807243268298,,
Experiment 1 - Localization Accuracy and Responsiveness,0,2025-02-17T13:34:40.570282,6.83822228862262,5.553909282629497,,
Experiment 1 - Localization Accuracy and Responsiveness,0,2025-02-17T13:34:41.211418,6.83822228862262,5.553909282629497,,
Experiment 1 - Localization Accuracy and Responsiveness,0,2025-02-17T13:34:41.676815,6.942038962700318,5.310706984815596,,
Experiment 1 - Localization Accuracy and Responsiveness,0,2025-02-17T13:34:42.210556,6.942038962700318,5.310706984815596,,
Experiment 1 - Localization Accuracy and Responsiveness,0,2025-02-17T13:34:42.795234,7.140447098239792,4.977521247139432,,
Experiment 1 - Localization Accuracy and Responsiveness,0,2025-02-17T13:34:43.210820,7.140447098239792,4.977521247139432,,
Experiment 1 - Localization Accuracy and Responsiveness,0,2025-02-17T13:34:43.891067,6.588911757194962,3.976562617546561,,
Experiment 1 - Localization Accuracy and Responsiveness,0,2025-02-17T13:34:44.212056,6.588911757194962,3.976562617546561,,
Experiment 1 - Localization Accuracy and Responsiveness,0,2025-02-17T13:34:44.996457,7.428400941856584,4.9371163234573485,,
Experiment 1 - Localization Accuracy and Responsiveness,0,2025-02-17T13:34:45.211686,7.428400941856584,4.9371163234573485,,
Experiment 1 - Localization Accuracy and Responsiveness,0,2025-02-17T13:34:46.099387,7.384190633587295,4.948365541112171,,
Experiment 1 - Localization Accuracy and Responsiveness,0,2025-02-17T13:34:46.211092,7.384190633587295,4.948365541112171,,
Experiment 1 - Localization Accuracy and Responsiveness,0,2025-02-17T13:34:47.206723,7.598135436572247,4.855645378195286,,
Experiment 1 - Localization Accuracy and Responsiveness,0,2025-02-17T13:34:47.211570,7.598135436572247,4.855645378195286,,
Experiment 1 - Localization Accuracy and Responsiveness,0,2025-02-17T13:34:48.211517,7.598135436572247,4.855645378195286,,
Experiment 1 - Localization Accuracy and Responsiveness,0,2025-02-17T13:34:48.312287,7.452021817671948,5.088957141978721,,
Experiment 1 - Localization Accuracy and Responsiveness,0,2025-02-17T13:34:49.211759,7.452021817671948,5.088957141978721,,
Experiment 1 - Localization Accuracy and Responsiveness,0,2025-02-17T13:34:49.412784,7.266281127964545,5.109655838364985,,
Experiment 1 - Localization Accuracy and Responsiveness,0,2025-02-17T13:34:50.210549,7.266281127964545,5.109655838364985,,
Experiment 1 - Localization Accuracy and Responsiveness,0,2025-02-17T13:34:50.517409,7.179535463907299,5.192574530835975,,
Experiment 1 - Localization Accuracy and Responsiveness,0,2025-02-17T13:34:51.210862,7.179535463907299,5.192574530835975,,
Experiment 1 - Localization Accuracy and Responsiveness,0,2025-02-17T13:34:51.625887,7.093361768124246,5.296001442268459,,
Experiment 1 - Localization Accuracy and Responsiveness,0,2025-02-17T13:34:52.210490,7.093361768124246,5.296001442268459,,
Experiment 1 - Localization Accuracy and Responsiveness,0,2025-02-17T13:34:52.734787,6.98378462263219,5.385457441737513,,
Experiment 1 - Localization Accuracy and Responsiveness,0,2025-02-17T13:34:53.211381,6.98378462263219,5.385457441737513,,
Experiment 1 - Localization Accuracy and Responsiveness,0,2025-02-17T13:34:53.839419,6.98378462263219,5.385457441737513,,
Experiment 1 - Localization Accuracy and Responsiveness,0,2025-02-17T13:34:54.228270,6.98378462263219,5.385457441737513,,
Experiment 1 - Localization Accuracy and Responsiveness,0,2025-02-17T13:34:54.944733,6.98378462263219,5.385457441737513,,
Experiment 1 - Localization Accuracy and Responsiveness,0,2025-02-17T13:34:55.211936,6.98378462263219,5.385457441737513,,
Experiment 1 - Localization Accuracy and Responsiveness,0,2025-02-17T13:34:56.048045,6.98378462263219,5.385457441737513,,
Experiment 1 - Localization Accuracy and Responsiveness,0,2025-02-17T13:34:56.211775,6.98378462263219,5.385457441737513,,
Experiment 1 - Localization Accuracy and Responsiveness,0,2025-02-17T13:34:57.154791,7.131668566429717,5.356672281312074,,
Experiment 1 - Localization Accuracy and Responsiveness,0,2025-02-17T13:34:57.210719,7.131668566429717,5.356672281312074,,
Experiment 1 - Localization Accuracy and Responsiveness,0,2025-02-17T13:34:58.211487,7.131668566429717,5.356672281312074,,
Experiment 1 - Localization Accuracy and Responsiveness,0,2025-02-17T13:34:58.269988,7.380586216818832,5.491869066021726,,
Experiment 1 - Localization Accuracy and Responsiveness,0,2025-02-17T13:34:59.211366,7.380586216818832,5.491869066021726,,
Experiment 1 - Localization Accuracy and Responsiveness,0,2025-02-17T13:34:59.366449,7.509004006068213,5.550113815965266,,
Experiment 1 - Localization Accuracy and Responsiveness,0,2025-02-17T13:35:00.211093,7.509004006068213,5.550113815965266,,
Experiment 1 - Localization Accuracy and Responsiveness,0,2025-02-17T13:35:00.470964,7.5779090831040214,5.53064306785347,,
Experiment 1 - Localization Accuracy and Responsiveness,0,2025-02-17T13:35:01.210627,7.5779090831040214,5.53064306785347,,
Experiment 1 - Localization Accuracy and Responsiveness,0,2025-02-17T13:35:01.576563,7.36582430130563,5.914779488562768,,
Experiment 1 - Localization Accuracy and Responsiveness,0,2025-02-17T13:35:02.255267,7.36582430130563,5.914779488562768,,
Experiment 1 - Localization Accuracy and Responsiveness,0,2025-02-17T13:35:02.683137,7.203689061386742,5.983621582918123,,
Experiment 1 - Localization Accuracy and Responsiveness,0,2025-02-17T13:35:03.211818,7.203689061386742,5.983621582918123,,
Experiment 1 - Localization Accuracy and Responsiveness,0,2025-02-17T13:35:03.787845,7.178957305843754,5.939775452600706,,
Experiment 1 - Localization Accuracy and Responsiveness,0,2025-02-17T13:35:04.212675,7.178957305843754,5.939775452600706,,
Experiment 1 - Localization Accuracy and Responsiveness,0,2025-02-17T13:35:04.893619,7.307436408306215,5.78013095616385,,
Experiment 1 - Localization Accuracy and Responsiveness,0,2025-02-17T13:35:05.211318,7.307436408306215,5.78013095616385,,
Experiment 1 - Localization Accuracy and Responsiveness,0,2025-02-17T13:35:05.997127,7.436314038563756,5.695109070545343,,
Experiment 1 - Localization Accuracy and Responsiveness,0,2025-02-17T13:35:06.209599,7.436314038563756,5.695109070545343,,
Experiment 1 - Localization Accuracy and Responsiveness,0,2025-02-17T13:35:07.103828,7.548886573597144,5.449046907773367,,
Experiment 1 - Localization Accuracy and Responsiveness,0,2025-02-17T13:35:07.211521,7.548886573597144,5.449046907773367,,
Experiment 1 - Localization Accuracy and Responsiveness,0,2025-02-17T13:35:08.206319,7.595431537341848,5.294127008598204,,
Experiment 1 - Localization Accuracy and Responsiveness,0,2025-02-17T13:35:08.209903,7.595431537341848,5.294127008598204,,
Experiment 1 - Localization Accuracy and Responsiveness,0,2025-02-17T13:35:09.211162,7.595431537341848,5.294127008598204,,
Experiment 1 - Localization Accuracy and Responsiveness,0,2025-02-17T13:35:09.317273,7.784044851486425,5.1875339374275615,,
Experiment 1 - Localization Accuracy and Responsiveness,0,2025-02-17T13:35:10.211295,7.784044851486425,5.1875339374275615,,
Experiment 1 - Localization Accuracy and Responsiveness,0,2025-02-17T13:35:10.420712,7.835006419981011,5.202225108664842,,
Experiment 1 - Localization Accuracy and Responsiveness,0,2025-02-17T13:35:11.211502,7.835006419981011,5.202225108664842,,
Experiment 1 - Localization Accuracy and Responsiveness,0,2025-02-17T13:35:11.524383,7.864076746750404,5.19271077134297,,
Experiment 1 - Localization Accuracy and Responsiveness,0,2025-02-17T13:35:12.210991,7.864076746750404,5.19271077134297,,
Experiment 1 - Localization Accuracy and Responsiveness,0,2025-02-17T13:35:12.630340,7.91481333499903,5.065184808333139,,
Experiment 1 - Localization Accuracy and Responsiveness,0,2025-02-17T13:35:13.213394,7.91481333499903,5.065184808333139,,
Experiment 1 - Localization Accuracy and Responsiveness,0,2025-02-17T13:35:13.739380,7.943788064002051,5.055436847081365,,
Experiment 1 - Localization Accuracy and Responsiveness,0,2025-02-17T13:35:14.212226,7.943788064002051,5.055436847081365,,
Experiment 1 - Localization Accuracy and Responsiveness,0,2025-02-17T13:35:14.845259,7.943788064002051,5.055436847081365,,
Experiment 1 - Localization Accuracy and Responsiveness,0,2025-02-17T13:35:15.215574,7.943788064002051,5.055436847081365,,
Experiment 1 - Localization Accuracy and Responsiveness,0,2025-02-17T13:35:15.948745,7.943788064002051,5.055436847081365,,
Experiment 1 - Localization Accuracy and Responsiveness,0,2025-02-17T13:35:16.213898,7.943788064002051,5.055436847081365,,
Experiment 1 - Localization Accuracy and Responsiveness,0,2025-02-17T13:35:17.053687,7.8330735195864545,5.140585521988617,,
Experiment 1 - Localization Accuracy and Responsiveness,0,2025-02-17T13:35:17.210415,7.8330735195864545,5.140585521988617,,
Experiment 1 - Localization Accuracy and Responsiveness,0,2025-02-17T13:35:18.158165,7.681314005523036,5.166795953083388,,
Experiment 1 - Localization Accuracy and Responsiveness,0,2025-02-17T13:35:18.211095,7.681314005523036,5.166795953083388,,
Experiment 1 - Localization Accuracy and Responsiveness,0,2025-02-17T13:35:19.210085,7.681314005523036,5.166795953083388,,
Experiment 1 - Localization Accuracy and Responsiveness,0,2025-02-17T13:35:19.263237,7.7773365359160875,5.1405352931947155,,
Experiment 1 - Localization Accuracy and Responsiveness,0,2025-02-17T13:35:20.211141,7.7773365359160875,5.1405352931947155,,
Experiment 1 - Localization Accuracy and Responsiveness,0,2025-02-17T13:35:20.369991,7.693576361745332,5.127397975963334,,
Experiment 1 - Localization Accuracy and Responsiveness,0,2025-02-17T13:35:21.210247,7.693576361745332,5.127397975963334,,
Experiment 1 - Localization Accuracy and Responsiveness,0,2025-02-17T13:35:21.477516,7.724830940542885,5.087816374649645,,
Experiment 1 - Localization Accuracy and Responsiveness,0,2025-02-17T13:35:22.211461,7.724830940542885,5.087816374649645,,
Experiment 1 - Localization Accuracy and Responsiveness,0,2025-02-17T13:35:22.579306,7.713005282191985,5.091434313574762,,
Experiment 1 - Localization Accuracy and Responsiveness,0,2025-02-17T13:35:23.209817,7.713005282191985,5.091434313574762,,
Experiment 1 - Localization Accuracy and Responsiveness,0,2025-02-17T13:35:23.686012,7.7039895838524615,5.09417864050072,,
Experiment 1 - Localization Accuracy and Responsiveness,0,2025-02-17T13:35:24.210681,7.7039895838524615,5.09417864050072,,
Experiment 1 - Localization Accuracy and Responsiveness,0,2025-02-17T13:35:24.792446,7.835892718111335,4.8232937503116915,,
Experiment 1 - Localization Accuracy and Responsiveness,0,2025-02-17T13:35:25.211524,7.835892718111335,4.8232937503116915,,
Experiment 1 - Localization Accuracy and Responsiveness,0,2025-02-17T13:35:25.898770,7.569925069443323,4.947799409085007,,
Experiment 1 - Localization Accuracy and Responsiveness,0,2025-02-17T13:35:26.209801,7.569925069443323,4.947799409085007,,
Experiment 1 - Localization Accuracy and Responsiveness,0,2025-02-17T13:35:27.000417,7.3032010952243125,5.164530766887582,,
Experiment 1 - Localization Accuracy and Responsiveness,0,2025-02-17T13:35:27.211297,7.3032010952243125,5.164530766887582,,
Experiment 1 - Localization Accuracy and Responsiveness,0,2025-02-17T13:35:28.111065,7.089190392992216,5.37843554130933,,
Experiment 1 - Localization Accuracy and Responsiveness,0,2025-02-17T13:35:28.210230,7.089190392992216,5.37843554130933,,
Experiment 1 - Localization Accuracy and Responsiveness,0,2025-02-17T13:35:29.211683,7.089190392992216,5.37843554130933,,
Experiment 1 - Localization Accuracy and Responsiveness,0,2025-02-17T13:35:29.218905,7.2093027113880055,5.457153806477298,,
Experiment 1 - Localization Accuracy and Responsiveness,0,2025-02-17T13:35:30.210675,7.2093027113880055,5.457153806477298,,
Experiment 1 - Localization Accuracy and Responsiveness,0,2025-02-17T13:35:30.321923,7.307061312548944,5.33276869416768,,
Experiment 1 - Localization Accuracy and Responsiveness,0,2025-02-17T13:35:31.210848,7.307061312548944,5.33276869416768,,
Experiment 1 - Localization Accuracy and Responsiveness,0,2025-02-17T13:35:31.425664,7.351946472656787,5.160788772436649,,
Experiment 1 - Localization Accuracy and Responsiveness,0,2025-02-17T13:35:32.210563,7.351946472656787,5.160788772436649,,
Experiment 1 - Localization Accuracy and Responsiveness,0,2025-02-17T13:35:32.535318,7.280210139202852,5.154935716248845,,
Experiment 1 - Localization Accuracy and Responsiveness,0,2025-02-17T13:35:33.211352,7.280210139202852,5.154935716248845,,
Experiment 1 - Localization Accuracy and Responsiveness,0,2025-02-17T13:35:33.645734,7.235279152708801,5.165315616869803,,
Experiment 1 - Localization Accuracy and Responsiveness,0,2025-02-17T13:35:34.213320,7.235279152708801,5.165315616869803,,
Experiment 1 - Localization Accuracy and Responsiveness,0,2025-02-17T13:35:34.748142,7.235279152708801,5.165315616869803,,
Experiment 1 - Localization Accuracy and Responsiveness,0,2025-02-17T13:35:35.213263,7.235279152708801,5.165315616869803,,
Experiment 1 - Localization Accuracy and Responsiveness,0,2025-02-17T13:35:35.854867,7.235279152708801,5.165315616869803,,
Experiment 1 - Localization Accuracy and Responsiveness,0,2025-02-17T13:35:36.213323,7.235279152708801,5.165315616869803,,
Experiment 1 - Localization Accuracy and Responsiveness,0,2025-02-17T13:35:36.960298,7.235279152708801,5.165315616869803,,
Experiment 1 - Localization Accuracy and Responsiveness,0,2025-02-17T13:35:37.215579,7.235279152708801,5.165315616869803,,
Experiment 1 - Localization Accuracy and Responsiveness,0,2025-02-17T13:35:38.063216,7.14053548535635,5.549397665845987,,
Experiment 1 - Localization Accuracy and Responsiveness,0,2025-02-17T13:35:38.209827,7.14053548535635,5.549397665845987,,
Experiment 1 - Localization Accuracy and Responsiveness,0,2025-02-17T13:35:39.167541,7.00120667634886,5.755606858278858,,
Experiment 1 - Localization Accuracy and Responsiveness,0,2025-02-17T13:35:39.210368,7.00120667634886,5.755606858278858,,
Experiment 1 - Localization Accuracy and Responsiveness,0,2025-02-17T13:35:40.211324,7.00120667634886,5.755606858278858,,
Experiment 1 - Localization Accuracy and Responsiveness,0,2025-02-17T13:35:40.273528,6.929412709171401,5.833059006413778,,
Experiment 1 - Localization Accuracy and Responsiveness,0,2025-02-17T13:35:41.211123,6.929412709171401,5.833059006413778,,
Experiment 1 - Localization Accuracy and Responsiveness,0,2025-02-17T13:35:41.379568,6.756704794065122,5.709887630550316,,
Experiment 1 - Localization Accuracy and Responsiveness,1,2025-02-17T13:35:41.680336,6.756704794065122,5.709887630550316,,
Experiment 1 - Localization Accuracy and Responsiveness,1,2025-02-17T13:35:42.478751,6.509079761993173,5.480011201703804,,
Experiment 1 - Localization Accuracy and Responsiveness,1,2025-02-17T13:35:42.683535,6.509079761993173,5.480011201703804,,
Experiment 1 - Localization Accuracy and Responsiveness,1,2025-02-17T13:35:43.590417,6.938086794026917,6.073636720864919,,
Experiment 1 - Localization Accuracy and Responsiveness,1,2025-02-17T13:35:43.682329,6.938086794026917,6.073636720864919,,
Experiment 1 - Localization Accuracy and Responsiveness,1,2025-02-17T13:35:44.682526,6.938086794026917,6.073636720864919,,
Experiment 1 - Localization Accuracy and Responsiveness,1,2025-02-17T13:35:44.713720,6.826675000188729,5.887055341314704,,
Experiment 1 - Localization Accuracy and Responsiveness,1,2025-02-17T13:35:45.683893,6.826675000188729,5.887055341314704,,
Experiment 1 - Localization Accuracy and Responsiveness,1,2025-02-17T13:35:45.799960,6.859153886162811,5.2916782684302754,,
Experiment 1 - Localization Accuracy and Responsiveness,1,2025-02-17T13:35:46.684681,6.859153886162811,5.2916782684302754,,
Experiment 1 - Localization Accuracy and Responsiveness,1,2025-02-17T13:35:46.905707,6.672401347255103,5.367413825472778,,
Experiment 1 - Localization Accuracy and Responsiveness,1,2025-02-17T13:35:47.681774,6.672401347255103,5.367413825472778,,
Experiment 1 - Localization Accuracy and Responsiveness,1,2025-02-17T13:35:48.014747,5.891245833687413,5.270568923663612,,
Experiment 1 - Localization Accuracy and Responsiveness,1,2025-02-17T13:35:48.682178,5.891245833687413,5.270568923663612,,
Experiment 1 - Localization Accuracy and Responsiveness,1,2025-02-17T13:35:49.119205,5.709786155855048,5.534101693936298,,
Experiment 1 - Localization Accuracy and Responsiveness,2,2025-02-17T13:35:49.229106,5.709786155855048,5.534101693936298,,
Experiment 1 - Localization Accuracy and Responsiveness,2,2025-02-17T13:35:50.225061,5.419568413184916,5.586933779568789,,
Experiment 1 - Localization Accuracy and Responsiveness,2,2025-02-17T13:35:50.230808,5.419568413184916,5.586933779568789,,
Experiment 1 - Localization Accuracy and Responsiveness,2,2025-02-17T13:35:51.230304,5.419568413184916,5.586933779568789,,
Experiment 1 - Localization Accuracy and Responsiveness,2,2025-02-17T13:35:51.331806,4.893518535524639,5.23880744725789,POI-1,2.903356421848768
Experiment 1 - Localization Accuracy and Responsiveness,2,2025-02-17T13:35:52.229815,4.893518535524639,5.23880744725789,POI-1,2.903356421848768
Experiment 1 - Localization Accuracy and Responsiveness,2,2025-02-17T13:35:52.434075,4.616186193602494,5.053222216602609,POI-1,2.616727498983492
Experiment 1 - Localization Accuracy and Responsiveness,2,2025-02-17T13:35:53.231131,4.616186193602494,5.053222216602609,POI-1,2.616727498983492
Experiment 1 - Localization Accuracy and Responsiveness,2,2025-02-17T13:35:53.540538,4.491440098799909,4.974923646071251,POI-1,2.4915662924021222
Experiment 1 - Localization Accuracy and Responsiveness,2,2025-02-17T13:35:54.235341,4.491440098799909,4.974923646071251,POI-1,2.4915662924021222
Experiment 1 - Localization Accuracy and Responsiveness,2,2025-02-17T13:35:54.651990,4.291230283741655,4.849751125479135,POI-1,2.296151331561065
Experiment 1 - Localization Accuracy and Responsiveness,2,2025-02-17T13:35:55.233236,4.291230283741655,4.849751125479135,POI-1,2.296151331561065
Experiment 1 - Localization Accuracy and Responsiveness,2,2025-02-17T13:35:55.756965,4.291230283741655,4.849751125479135,POI-1,2.296151331561065
Experiment 1 - Localization Accuracy and Responsiveness,2,2025-02-17T13:35:56.233701,4.291230283741655,4.849751125479135,POI-1,2.296151331561065
Experiment 1 - Localization Accuracy and Responsiveness,2,2025-02-17T13:35:56.864519,4.291230283741655,4.849751125479135,POI-1,2.296151331561065
Experiment 1 - Localization Accuracy and Responsiveness,2,2025-02-17T13:35:57.232390,4.291230283741655,4.849751125479135,POI-1,2.296151331561065
Experiment 1 - Localization Accuracy and Responsiveness,2,2025-02-17T13:35:57.968329,4.261304283870532,4.84189629158816,POI-1,2.2668246175795774
Experiment 1 - Localization Accuracy and Responsiveness,2,2025-02-17T13:35:58.230136,4.261304283870532,4.84189629158816,POI-1,2.2668246175795774
Experiment 1 - Localization Accuracy and Responsiveness,2,2025-02-17T13:35:59.065867,4.133990911379048,4.807456578857568,POI-1,2.1426596040607127
Experiment 1 - Localization Accuracy and Responsiveness,2,2025-02-17T13:35:59.230587,4.133990911379048,4.807456578857568,POI-1,2.1426596040607127
Experiment 1 - Localization Accuracy and Responsiveness,2,2025-02-17T13:36:00.174795,4.323906452787087,3.32351654457267,POI-1,2.865508327963299
Experiment 1 - Localization Accuracy and Responsiveness,2,2025-02-17T13:36:00.229672,4.323906452787087,3.32351654457267,POI-1,2.865508327963299
Experiment 1 - Localization Accuracy and Responsiveness,2,2025-02-17T13:36:01.231831,4.323906452787087,3.32351654457267,POI-1,2.865508327963299
Experiment 1 - Localization Accuracy and Responsiveness,2,2025-02-17T13:36:01.279579,4.272461377504951,3.231396959551799,POI-1,2.8795898018527426
Experiment 1 - Localization Accuracy and Responsiveness,2,2025-02-17T13:36:02.232057,4.272461377504951,3.231396959551799,POI-1,2.8795898018527426
Experiment 1 - Localization Accuracy and Responsiveness,2,2025-02-17T13:36:02.384478,4.213260267940406,3.154853680483418,POI-1,2.881507583552267
Experiment 1 - Localization Accuracy and Responsiveness,2,2025-02-17T13:36:03.231199,4.213260267940406,3.154853680483418,POI-1,2.881507583552267
Experiment 1 - Localization Accuracy and Responsiveness,2,2025-02-17T13:36:03.489076,4.163691338628767,3.120683101627437,POI-1,2.86590164056023
Experiment 1 - Localization Accuracy and Responsiveness,2,2025-02-17T13:36:04.232366,4.163691338628767,3.120683101627437,POI-1,2.86590164056023
Experiment 1 - Localization Accuracy and Responsiveness,2,2025-02-17T13:36:04.591828,4.12480733371744,3.0940506097573826,POI-1,2.8543737112693606
Experiment 1 - Localization Accuracy and Responsiveness,2,2025-02-17T13:36:05.230865,4.12480733371744,3.0940506097573826,POI-1,2.8543737112693606
Experiment 1 - Localization Accuracy and Responsiveness,2,2025-02-17T13:36:05.697362,4.040895138535347,3.03707167093643,POI-1,2.831667457795408
Experiment 1 - Localization Accuracy and Responsiveness,2,2025-02-17T13:36:06.230826,4.040895138535347,3.03707167093643,POI-1,2.831667457795408
Experiment 1 - Localization Accuracy and Responsiveness,2,2025-02-17T13:36:06.802341,4.079167271841526,3.0378550779649354,POI-1,2.8588370431636925
Experiment 1 - Localization Accuracy and Responsiveness,2,2025-02-17T13:36:07.231767,4.079167271841526,3.0378550779649354,POI-1,2.8588370431636925
Experiment 1 - Localization Accuracy and Responsiveness,2,2025-02-17T13:36:07.906815,4.182455878795749,3.049945123298561,POI-1,2.9267435290843626
Experiment 1 - Localization Accuracy and Responsiveness,2,2025-02-17T13:36:08.231309,4.182455878795749,3.049945123298561,POI-1,2.9267435290843626
Experiment 1 - Localization Accuracy and Responsiveness,2,2025-02-17T13:36:09.009296,4.183555685924887,2.955084642981778,POI-1,2.991587246079222
Experiment 1 - Localization Accuracy and Responsiveness,2,2025-02-17T13:36:09.229966,4.183555685924887,2.955084642981778,POI-1,2.991587246079222
Experiment 1 - Localization Accuracy and Responsiveness,2,2025-02-17T13:36:10.112979,4.082992980656781,2.9014259502195667,POI-1,2.9568349294266105
Experiment 1 - Localization Accuracy and Responsiveness,2,2025-02-17T13:36:10.230331,4.082992980656781,2.9014259502195667,POI-1,2.9568349294266105
Experiment 1 - Localization Accuracy and Responsiveness,2,2025-02-17T13:36:11.218790,3.8048400572712495,2.8529528248701106,POI-1,2.804863491253028
Experiment 1 - Localization Accuracy and Responsiveness,2,2025-02-17T13:36:11.232375,3.8048400572712495,2.8529528248701106,POI-1,2.804863491253028
Experiment 1 - Localization Accuracy and Responsiveness,2,2025-02-17T13:36:12.231851,3.8048400572712495,2.8529528248701106,POI-1,2.804863491253028
Experiment 1 - Localization Accuracy and Responsiveness,2,2025-02-17T13:36:12.321549,3.798680562875277,2.848934361768561,POI-1,2.8039855825673126
Experiment 1 - Localization Accuracy and Responsiveness,2,2025-02-17T13:36:13.231483,3.798680562875277,2.848934361768561,POI-1,2.8039855825673126
Experiment 1 - Localization Accuracy and Responsiveness,2,2025-02-17T13:36:13.427328,3.7721170962386092,2.7208571806830686,POI-1,2.887021128018479
Experiment 1 - Localization Accuracy and Responsiveness,2,2025-02-17T13:36:14.231281,3.7721170962386092,2.7208571806830686,POI-1,2.887021128018479
Experiment 1 - Localization Accuracy and Responsiveness,2,2025-02-17T13:36:14.533096,3.7721170962386092,2.7208571806830686,POI-1,2.887021128018479
Experiment 1 - Localization Accuracy and Responsiveness,2,2025-02-17T13:36:15.232906,3.7721170962386092,2.7208571806830686,POI-1,2.887021128018479
Experiment 1 - Localization Accuracy and Responsiveness,2,2025-02-17T13:36:15.642380,3.7721170962386092,2.7208571806830686,POI-1,2.887021128018479
Experiment 1 - Localization Accuracy and Responsiveness,2,2025-02-17T13:36:16.235130,3.7721170962386092,2.7208571806830686,POI-1,2.887021128018479
Experiment 1 - Localization Accuracy and Responsiveness,2,2025-02-17T13:36:16.748052,3.7721170962386092,2.7208571806830686,POI-1,2.887021128018479
Experiment 1 - Localization Accuracy and Responsiveness,2,2025-02-17T13:36:17.233392,3.7721170962386092,2.7208571806830686,POI-1,2.887021128018479
Experiment 1 - Localization Accuracy and Responsiveness,2,2025-02-17T13:36:17.855536,3.7721170962386092,2.7208571806830686,POI-1,2.887021128018479
Experiment 1 - Localization Accuracy and Responsiveness,2,2025-02-17T13:36:18.233146,3.7721170962386092,2.7208571806830686,POI-1,2.887021128018479
Experiment 1 - Localization Accuracy and Responsiveness,2,2025-02-17T13:36:18.954388,3.7021167207952743,2.678388115340032,POI-1,2.8787294201097238
Experiment 1 - Localization Accuracy and Responsiveness,2,2025-02-17T13:36:19.230716,3.7021167207952743,2.678388115340032,POI-1,2.8787294201097238
Experiment 1 - Localization Accuracy and Responsiveness,2,2025-02-17T13:36:20.060700,3.4327470120914065,2.6300726936557983,POI-1,2.7693536137540717
Experiment 1 - Localization Accuracy and Responsiveness,2,2025-02-17T13:36:20.232009,3.4327470120914065,2.6300726936557983,POI-1,2.7693536137540717
Experiment 1 - Localization Accuracy and Responsiveness,2,2025-02-17T13:36:21.168698,3.3974988342659636,2.7774308459732153,POI-1,2.625417421326762
Experiment 1 - Localization Accuracy and Responsiveness,2,2025-02-17T13:36:21.242512,3.3974988342659636,2.7774308459732153,POI-1,2.625417421326762
Experiment 1 - Localization Accuracy and Responsiveness,2,2025-02-17T13:36:22.230346,3.3974988342659636,2.7774308459732153,POI-1,2.625417421326762
Experiment 1 - Localization Accuracy and Responsiveness,2,2025-02-17T13:36:22.276668,2.8055441302402393,4.4323088937801165,POI-1,0.9854818810336691
Experiment 1 - Localization Accuracy and Responsiveness,2,2025-02-17T13:36:23.231301,2.8055441302402393,4.4323088937801165,POI-1,0.9854818810336691
Experiment 1 - Localization Accuracy and Responsiveness,2,2025-02-17T13:36:23.384746,2.9700120026105226,2.5332330458690824,POI-1,2.6506343563759978
Experiment 1 - Localization Accuracy and Responsiveness,2,2025-02-17T13:36:24.259724,2.9700120026105226,2.5332330458690824,POI-1,2.6506343563759978
Experiment 1 - Localization Accuracy and Responsiveness,2,2025-02-17T13:36:24.491499,2.988346444515449,2.5412307870035984,POI-1,2.6499763653974866
Experiment 1 - Localization Accuracy and Responsiveness,2,2025-02-17T13:36:25.231575,2.988346444515449,2.5412307870035984,POI-1,2.6499763653974866
Experiment 1 - Localization Accuracy and Responsiveness,2,2025-02-17T13:36:25.591538,2.485183032745132,4.1860549357727335,POI-1,0.9475806788045507
Experiment 1 - Localization Accuracy and Responsiveness,2,2025-02-17T13:36:26.232572,2.485183032745132,4.1860549357727335,POI-1,0.9475806788045507
Experiment 1 - Localization Accuracy and Responsiveness,2,2025-02-17T13:36:26.698924,3.2426926360794557,4.602365466665783,POI-1,1.3047598284228508
Experiment 1 - Localization Accuracy and Responsiveness,2,2025-02-17T13:36:27.229796,3.2426926360794557,4.602365466665783,POI-1,1.3047598284228508
Experiment 1 - Localization Accuracy and Responsiveness,2,2025-02-17T13:36:27.798360,3.4558347193014964,4.66650052766762,POI-1,1.4935449869252826
Experiment 1 - Localization Accuracy and Responsiveness,2,2025-02-17T13:36:28.230436,3.4558347193014964,4.66650052766762,POI-1,1.4935449869252826
Experiment 1 - Localization Accuracy and Responsiveness,2,2025-02-17T13:36:28.906149,3.676914028767078,4.732078038669296,POI-1,1.6981822155584847
Experiment 1 - Localization Accuracy and Responsiveness,2,2025-02-17T13:36:29.229820,3.676914028767078,4.732078038669296,POI-1,1.6981822155584847
Experiment 1 - Localization Accuracy and Responsiveness,2,2025-02-17T13:36:30.010099,3.722902327730155,4.629149390458917,POI-1,1.7623627905442678
Experiment 1 - Localization Accuracy and Responsiveness,2,2025-02-17T13:36:30.230186,3.722902327730155,4.629149390458917,POI-1,1.7623627905442678
Experiment 1 - Localization Accuracy and Responsiveness,2,2025-02-17T13:36:31.118401,3.8283607022616457,4.826889231028954,POI-1,1.8365375563566473
Experiment 1 - Localization Accuracy and Responsiveness,2,2025-02-17T13:36:31.231315,3.8283607022616457,4.826889231028954,POI-1,1.8365375563566473
Experiment 1 - Localization Accuracy and Responsiveness,2,2025-02-17T13:36:32.222990,3.822812197379252,4.782887245310308,POI-1,1.8356966675253086
Experiment 1 - Localization Accuracy and Responsiveness,2,2025-02-17T13:36:32.230712,3.822812197379252,4.782887245310308,POI-1,1.8356966675253086
Experiment 1 - Localization Accuracy and Responsiveness,2,2025-02-17T13:36:33.230464,3.822812197379252,4.782887245310308,POI-1,1.8356966675253086
Experiment 1 - Localization Accuracy and Responsiveness,2,2025-02-17T13:36:33.328745,3.849386850234687,4.920272236036502,POI-1,1.8511045994669226
Experiment 1 - Localization Accuracy and Responsiveness,2,2025-02-17T13:36:34.230326,3.849386850234687,4.920272236036502,POI-1,1.8511045994669226
Experiment 1 - Localization Accuracy and Responsiveness,2,2025-02-17T13:36:34.432565,3.912389103412631,5.157937194929483,POI-1,1.918899747353561
Experiment 1 - Localization Accuracy and Responsiveness,2,2025-02-17T13:36:35.232555,3.912389103412631,5.157937194929483,POI-1,1.918899747353561
Experiment 1 - Localization Accuracy and Responsiveness,2,2025-02-17T13:36:35.544088,3.8061275845330633,5.275334727185794,POI-1,1.8269937229245516
Experiment 1 - Localization Accuracy and Responsiveness,2,2025-02-17T13:36:36.232584,3.8061275845330633,5.275334727185794,POI-1,1.8269937229245516
Experiment 1 - Localization Accuracy and Responsiveness,2,2025-02-17T13:36:36.649103,3.8061275845330633,5.275334727185794,POI-1,1.8269937229245516
Experiment 1 - Localization Accuracy and Responsiveness,2,2025-02-17T13:36:37.232477,3.8061275845330633,5.275334727185794,POI-1,1.8269937229245516
Experiment 1 - Localization Accuracy and Responsiveness,2,2025-02-17T13:36:37.755166,3.8061275845330633,5.275334727185794,POI-1,1.8269937229245516
Experiment 1 - Localization Accuracy and Responsiveness,2,2025-02-17T13:36:38.232776,3.8061275845330633,5.275334727185794,POI-1,1.8269937229245516
Experiment 1 - Localization Accuracy and Responsiveness,2,2025-02-17T13:36:38.854227,3.7005126869587084,5.11555233158487,POI-1,1.7044341406584844
Experiment 1 - Localization Accuracy and Responsiveness,2,2025-02-17T13:36:39.229743,3.7005126869587084,5.11555233158487,POI-1,1.7044341406584844
Experiment 1 - Localization Accuracy and Responsiveness,2,2025-02-17T13:36:39.960847,3.5879996952841275,4.859868563538093,POI-1,1.5941705842560763
Experiment 1 - Localization Accuracy and Responsiveness,2,2025-02-17T13:36:40.229756,3.5879996952841275,4.859868563538093,POI-1,1.5941705842560763
Experiment 1 - Localization Accuracy and Responsiveness,2,2025-02-17T13:36:41.066097,3.644319971385961,4.772203014446713,POI-1,1.660023986250166
Experiment 1 - Localization Accuracy and Responsiveness,2,2025-02-17T13:36:41.231669,3.644319971385961,4.772203014446713,POI-1,1.660023986250166
Experiment 1 - Localization Accuracy and Responsiveness,2,2025-02-17T13:36:42.171382,3.506629699643573,4.616015486785746,POI-1,1.554791676796757
Experiment 1 - Localization Accuracy and Responsiveness,2,2025-02-17T13:36:42.230657,3.506629699643573,4.616015486785746,POI-1,1.554791676796757
Experiment 1 - Localization Accuracy and Responsiveness,2,2025-02-17T13:36:43.230346,3.506629699643573,4.616015486785746,POI-1,1.554791676796757
Experiment 1 - Localization Accuracy and Responsiveness,2,2025-02-17T13:36:43.274131,3.613548652836431,4.725828108411914,POI-1,1.6366763520034284
Experiment 1 - Localization Accuracy and Responsiveness,2,2025-02-17T13:36:44.231714,3.613548652836431,4.725828108411914,POI-1,1.6366763520034284
Experiment 1 - Localization Accuracy and Responsiveness,2,2025-02-17T13:36:44.382327,3.645324190266253,4.789236263700747,POI-1,1.6587685322594357
Experiment 1 - Localization Accuracy and Responsiveness,2,2025-02-17T13:36:45.230841,3.645324190266253,4.789236263700747,POI-1,1.6587685322594357
Experiment 1 - Localization Accuracy and Responsiveness,2,2025-02-17T13:36:45.486527,3.670545814446191,4.839487151476218,POI-1,1.6782394622654142
Experiment 1 - Localization Accuracy and Responsiveness,2,2025-02-17T13:36:46.231620,3.670545814446191,4.839487151476218,POI-1,1.6782394622654142
Experiment 1 - Localization Accuracy and Responsiveness,2,2025-02-17T13:36:46.590957,3.517503681453871,4.750474294686304,POI-1,1.5378818227803948
Experiment 1 - Localization Accuracy and Responsiveness,2,2025-02-17T13:36:47.231773,3.517503681453871,4.750474294686304,POI-1,1.5378818227803948
Experiment 1 - Localization Accuracy and Responsiveness,2,2025-02-17T13:36:47.696748,3.457553192789955,4.6648891524824805,POI-1,1.495580352216524
Experiment 1 - Localization Accuracy and Responsiveness,2,2025-02-17T13:36:48.230882,3.457553192789955,4.6648891524824805,POI-1,1.495580352216524
Experiment 1 - Localization Accuracy and Responsiveness,2,2025-02-17T13:36:48.801756,4.255625472203422,4.965283890017844,POI-1,2.2558926125029104
Experiment 1 - Localization Accuracy and Responsiveness,2,2025-02-17T13:36:49.231281,4.255625472203422,4.965283890017844,POI-1,2.2558926125029104
Experiment 1 - Localization Accuracy and Responsiveness,3,2025-02-17T13:36:49.696567,4.255625472203422,4.965283890017844,POI-1,2.2558926125029104
Experiment 1 - Localization Accuracy and Responsiveness,3,2025-02-17T13:36:49.903811,4.427392298996781,5.154080449687076,POI-1,2.4322775660283207
Experiment 1 - Localization Accuracy and Responsiveness,3,2025-02-17T13:36:50.699708,4.427392298996781,5.154080449687076,POI-1,2.4322775660283207
Experiment 1 - Localization Accuracy and Responsiveness,3,2025-02-17T13:36:51.009818,4.346799608737774,5.068915659947927,POI-1,2.347811272602171
Experiment 1 - Localization Accuracy and Responsiveness,3,2025-02-17T13:36:51.698879,4.346799608737774,5.068915659947927,POI-1,2.347811272602171
Experiment 1 - Localization Accuracy and Responsiveness,3,2025-02-17T13:36:52.118855,4.992617773235155,5.500321463133598,POI-1,2.347811272602171
Experiment 1 - Localization Accuracy and Responsiveness,3,2025-02-17T13:36:52.700553,4.992617773235155,5.500321463133598,POI-1,2.347811272602171
Experiment 1 - Localization Accuracy and Responsiveness,3,2025-02-17T13:36:53.234613,5.198151392602399,5.175715904970933,POI-1,2.347811272602171
Experiment 1 - Localization Accuracy and Responsiveness,3,2025-02-17T13:36:53.697602,5.198151392602399,5.175715904970933,POI-1,2.347811272602171
Experiment 1 - Localization Accuracy and Responsiveness,3,2025-02-17T13:36:54.330349,5.459843023317709,5.195477814965779,POI-1,2.347811272602171
Experiment 1 - Localization Accuracy and Responsiveness,3,2025-02-17T13:36:54.677878,5.367337895581337,5.039393522930606,POI-1,2.347811272602171
Experiment 1 - Localization Accuracy and Responsiveness,3,2025-02-17T13:36:54.719325,5.367337895581337,5.039393522930606,POI-1,2.347811272602171
Experiment 1 - Localization Accuracy and Responsiveness,3,2025-02-17T13:36:55.697796,5.367337895581337,5.039393522930606,POI-1,2.347811272602171
Experiment 1 - Localization Accuracy and Responsiveness,3,2025-02-17T13:36:55.989510,5.502522244718429,5.119373583974445,POI-1,2.347811272602171
Experiment 1 - Localization Accuracy and Responsiveness,3,2025-02-17T13:36:56.699138,5.502522244718429,5.119373583974445,POI-1,2.347811272602171
Experiment 1 - Localization Accuracy and Responsiveness,3,2025-02-17T13:36:57.095983,5.515288645315815,5.40222354203564,POI-1,2.347811272602171
Experiment 1 - Localization Accuracy and Responsiveness,3,2025-02-17T13:36:57.698569,5.515288645315815,5.40222354203564,POI-1,2.347811272602171
Experiment 1 - Localization Accuracy and Responsiveness,3,2025-02-17T13:36:58.203807,5.663828182278777,5.343851257471159,POI-1,2.347811272602171
Experiment 1 - Localization Accuracy and Responsiveness,3,2025-02-17T13:36:58.698464,5.663828182278777,5.343851257471159,POI-1,2.347811272602171
Experiment 1 - Localization Accuracy and Responsiveness,3,2025-02-17T13:36:59.309099,6.507154496314941,5.422424535521612,POI-1,2.347811272602171
Experiment 1 - Localization Accuracy and Responsiveness,3,2025-02-17T13:36:59.699161,6.507154496314941,5.422424535521612,POI-1,2.347811272602171