xp_name,xp_step,time,x,y,poi,poi_dist,ESP32-1_rssi,ESP32-1_raw_dist,ESP32-1_filtered_dist,ESP32-2_rssi,ESP32-2_raw_dist,ESP32-2_filtered_dist,ESP32-3_rssi,ESP32-3_raw_dist,ESP32-3_filtered_dist,ESP32-4_rssi,ESP32-4_raw_dist,ESP32-4_filtered_dist,ESP32-5_rssi,ESP32-5_raw_dist,ESP32-5_filtered_dist,ESP32-6_rssi,ESP32-6_raw_dist,ESP32-6_filtered_dist
Experiment 1 - Localization Accuracy and Responsiveness,-1,2025-02-17T18:06:42.481167,7.097919661130717,6.5669572332395765,,,-94,5.179474679231212,5.37209721188938,-84,2.6826957952797255,2.9012851966041135,-93,4.849693428528198,3.0843112185001136,,,,,,,,,
Experiment 1 - Localization Accuracy and Responsiveness,0,2025-02-17T18:06:43.001151,7.097919661130717,6.5669572332395765,,,-94,5.179474679231212,5.37209721188938,-84,2.6826957952797255,2.9012851966041135,-93,4.849693428528198,3.0843112185001136,,,,,,,,,
Experiment 1 - Localization Accuracy and Responsiveness,0,2025-02-17T18:06:43.596369,7.252345932286519,6.315307502534723,,,-96,5.907837911587945,5.497419100577298,-84,2.6826957952797255,2.8501521827476957,-91,4.25178630338289,3.3574100939746083,,,,,,,,,
Experiment 1 - Localization Accuracy and Responsiveness,0,2025-02-17T18:06:44.005558,7.252345932286519,6.315307502534723,,,-96,5.907837911587945,5.497419100577298,-84,2.6826957952797255,2.8501521827476957,-91,4.25178630338289,3.3574100939746083,,,,,,,,,
Experiment 1 - Localization Accuracy and Responsiveness,0,2025-02-17T18:06:44.693649,7.313460024897053,6.213277861217511,,,-96,5.907837911587945,5.497419100577298,-84,2.6826957952797255,2.8109803394247046,-89,3.72759372031494,3.4440044319452263,,,,,,,,,
Experiment 1 - Localization Accuracy and Responsiveness,0,2025-02-17T18:06:45.004524,7.313460024897053,6.213277861217511,,,-96,5.907837911587945,5.497419100577298,-84,2.6826957952797255,2.8109803394247046,-89,3.72759372031494,3.4440044319452263,,,,,,,,,
Experiment 1 - Localization Accuracy and Responsiveness,0,2025-02-17T18:06:45.798145,7.157518670469381,6.476569077210127,,,-96,5.907837911587945,5.497419100577298,-87,3.268027589410125,2.9178940471568584,-83,2.51188643150958,3.2259609113384724,,,,,,,,,
Experiment 1 - Localization Accuracy and Responsiveness,0,2025-02-17T18:06:46.004977,7.157518670469381,6.476569077210127,,,-96,5.907837911587945,5.497419100577298,-87,3.268027589410125,2.9178940471568584,-83,2.51188643150958,3.2259609113384724,,,,,,,,,
Experiment 1 - Localization Accuracy and Responsiveness,0,2025-02-17T18:06:46.904263,7.524661831435598,5.299543070125605,,,-96,5.907837911587945,5.497419100577298,-96,5.907837911587945,3.6173096643989022,-81,2.202201949987375,2.9864804935358142,,,,,,,,,
Experiment 1 - Localization Accuracy and Responsiveness,0,2025-02-17T18:06:47.004240,7.524661831435598,5.299543070125605,,,-96,5.907837911587945,5.497419100577298,-96,5.907837911587945,3.6173096643989022,-81,2.202201949987375,2.9864804935358142,,,,,,,,,
Experiment 1 - Localization Accuracy and Responsiveness,0,2025-02-17T18:06:48.005676,7.524661831435598,5.299543070125605,,,-96,5.907837911587945,5.497419100577298,-96,5.907837911587945,3.6173096643989022,-81,2.202201949987375,2.9864804935358142,,,,,,,,,
Experiment 1 - Localization Accuracy and Responsiveness,0,2025-02-17T18:06:48.012424,7.4526543278944954,5.962357746359798,,,-97,6.309573444801933,5.687400403811486,-97,6.309573444801933,4.247091165031616,-82,2.3519526350709588,2.838050050053253,,,,,,,,,
Experiment 1 - Localization Accuracy and Responsiveness,0,2025-02-17T18:06:49.004831,7.4526543278944954,5.962357746359798,,,-97,6.309573444801933,5.687400403811486,-97,6.309573444801933,4.247091165031616,-82,2.3519526350709588,2.838050050053253,,,,,,,,,
Experiment 1 - Localization Accuracy and Responsiveness,0,2025-02-17T18:06:49.118485,7.314121610102521,6.459735081874735,,,-94,5.179474679231212,5.568585068046638,-97,6.309573444801933,4.7295525028235925,-83,2.51188643150958,2.7617529893293296,,,,,,,,,
Experiment 1 - Localization Accuracy and Responsiveness,0,2025-02-17T18:06:50.008485,7.314121610102521,6.459735081874735,,,-94,5.179474679231212,5.568585068046638,-97,6.309573444801933,4.7295525028235925,-83,2.51188643150958,2.7617529893293296,,,,,,,,,
Experiment 1 - Localization Accuracy and Responsiveness,0,2025-02-17T18:06:50.227745,7.381613521427661,6.786246431843935,,,-97,6.309573444801933,5.74191903898261,-96,5.907837911587945,5.005180157998658,-82,2.3519526350709588,2.665891401046914,,,,,,,,,
Experiment 1 - Localization Accuracy and Responsiveness,0,2025-02-17T18:06:51.007856,7.381613521427661,6.786246431843935,,,-97,6.309573444801933,5.74191903898261,-96,5.907837911587945,5.005180157998658,-82,2.3519526350709588,2.665891401046914,,,,,,,,,
Experiment 1 - Localization Accuracy and Responsiveness,0,2025-02-17T18:06:51.333546,7.381613521427661,6.786246431843935,,,-97,6.309573444801933,5.74191903898261,-96,5.907837911587945,5.005180157998658,-82,2.3519526350709588,2.665891401046914,,,,,,,,,
Experiment 1 - Localization Accuracy and Responsiveness,0,2025-02-17T18:06:52.007623,7.381613521427661,6.786246431843935,,,-97,6.309573444801933,5.74191903898261,-96,5.907837911587945,5.005180157998658,-82,2.3519526350709588,2.665891401046914,,,,,,,,,
Experiment 1 - Localization Accuracy and Responsiveness,0,2025-02-17T18:06:52.439497,7.381613521427661,6.786246431843935,,,-97,6.309573444801933,5.74191903898261,-96,5.907837911587945,5.005180157998658,-82,2.3519526350709588,2.665891401046914,,,,,,,,,
Experiment 1 - Localization Accuracy and Responsiveness,0,2025-02-17T18:06:53.006095,7.381613521427661,6.786246431843935,,,-97,6.309573444801933,5.74191903898261,-96,5.907837911587945,5.005180157998658,-82,2.3519526350709588,2.665891401046914,,,,,,,,,
Experiment 1 - Localization Accuracy and Responsiveness,0,2025-02-17T18:06:53.546970,7.381613521427661,6.786246431843935,,,-97,6.309573444801933,5.74191903898261,-96,5.907837911587945,5.005180157998658,-82,2.3519526350709588,2.665891401046914,,,,,,,,,
Experiment 1 - Localization Accuracy and Responsiveness,0,2025-02-17T18:06:54.005843,7.381613521427661,6.786246431843935,,,-97,6.309573444801933,5.74191903898261,-96,5.907837911587945,5.005180157998658,-82,2.3519526350709588,2.665891401046914,,,,,,,,,
Experiment 1 - Localization Accuracy and Responsiveness,0,2025-02-17T18:06:54.653155,7.320826201220987,6.458841085679234,,,-96,5.907837911587945,5.780731222741601,-92,4.540909610972476,4.8965767574202985,-88,3.4902548789595804,2.8587286972901977,,,,,,,,,
Experiment 1 - Localization Accuracy and Responsiveness,0,2025-02-17T18:06:55.005284,7.320826201220987,6.458841085679234,,,-96,5.907837911587945,5.780731222741601,-92,4.540909610972476,4.8965767574202985,-88,3.4902548789595804,2.8587286972901977,,,,,,,,,
Experiment 1 - Localization Accuracy and Responsiveness,0,2025-02-17T18:06:55.763345,7.340027254488778,6.5558485754308125,,,-96,5.907837911587945,5.81046435729728,-94,5.179474679231212,4.962752991346857,-84,2.6826957952797255,2.8175506128855967,,,,,,,,,
Experiment 1 - Localization Accuracy and Responsiveness,0,2025-02-17T18:06:56.004516,7.340027254488778,6.5558485754308125,,,-96,5.907837911587945,5.81046435729728,-94,5.179474679231212,4.962752991346857,-84,2.6826957952797255,2.8175506128855967,,,,,,,,,
Experiment 1 - Localization Accuracy and Responsiveness,0,2025-02-17T18:06:56.866448,7.394876161022391,6.689509787188663,,,-96,5.907837911587945,5.81046435729728,-94,5.179474679231212,4.962752991346857,-82,2.3519526350709588,2.708636696168356,,,,,,,,,
Experiment 1 - Localization Accuracy and Responsiveness,0,2025-02-17T18:06:57.004367,7.394876161022391,6.689509787188663,,,-96,5.907837911587945,5.81046435729728,-94,5.179474679231212,4.962752991346857,-82,2.3519526350709588,2.708636696168356,,,,,,,,,
Experiment 1 - Localization Accuracy and Responsiveness,0,2025-02-17T18:06:57.972996,7.438219817170192,6.798530371171827,,,-96,5.907837911587945,5.81046435729728,-94,5.179474679231212,4.962752991346857,-82,2.3519526350709588,2.625200212386644,,,,,,,,,
Experiment 1 - Localization Accuracy and Responsiveness,0,2025-02-17T18:06:58.026502,7.438219817170192,6.798530371171827,,,-96,5.907837911587945,5.81046435729728,-94,5.179474679231212,4.962752991346857,-82,2.3519526350709588,2.625200212386644,,,,,,,,,
Experiment 1 - Localization Accuracy and Responsiveness,0,2025-02-17T18:06:59.005603,7.438219817170192,6.798530371171827,,,-96,5.907837911587945,5.81046435729728,-94,5.179474679231212,4.962752991346857,-82,2.3519526350709588,2.625200212386644,,,,,,,,,
Experiment 1 - Localization Accuracy and Responsiveness,0,2025-02-17T18:06:59.078278,7.397924182073763,6.827483333564074,,,-94,5.179474679231212,5.6628615743795105,-93,4.849693428528198,4.936305797854489,-83,2.51188643150958,2.5986935515302396,,,,,,,,,
Experiment 1 - Localization Accuracy and Responsiveness,0,2025-02-17T18:07:00.003916,7.397924182073763,6.827483333564074,,,-94,5.179474679231212,5.6628615743795105,-93,4.849693428528198,4.936305797854489,-83,2.51188643150958,2.5986935515302396,,,,,,,,,
Experiment 1 - Localization Accuracy and Responsiveness,0,2025-02-17T18:07:00.184343,7.421720579323254,6.897301410041508,,,-96,5.907837911587945,5.720167090425021,-94,5.179474679231212,4.993188509026901,-83,2.51188643150958,2.57838739924674,,,,,,,,,
Experiment 1 - Localization Accuracy and Responsiveness,0,2025-02-17T18:07:01.004946,7.421720579323254,6.897301410041508,,,-96,5.907837911587945,5.720167090425021,-94,5.179474679231212,4.993188509026901,-83,2.51188643150958,2.57838739924674,,,,,,,,,
Experiment 1 - Localization Accuracy and Responsiveness,0,2025-02-17T18:07:01.290249,7.3852563296726625,6.903677881811527,,,-94,5.179474679231212,5.593686884220493,-93,4.849693428528198,4.95962175832896,-83,2.51188643150958,2.5628313160873226,,,,,,,,,
Experiment 1 - Localization Accuracy and Responsiveness,0,2025-02-17T18:07:02.004009,7.3852563296726625,6.903677881811527,,,-94,5.179474679231212,5.593686884220493,-93,4.849693428528198,4.95962175832896,-83,2.51188643150958,2.5628313160873226,,,,,,,,,
Experiment 1 - Localization Accuracy and Responsiveness,0,2025-02-17T18:07:02.400351,7.535136003757484,6.450541535211719,,,-96,5.907837911587945,5.667173927682173,-84,2.6826957952797255,4.4269971840667495,-83,2.51188643150958,2.550914153254887,,,,,,,,,
Experiment 1 - Localization Accuracy and Responsiveness,0,2025-02-17T18:07:03.005642,7.535136003757484,6.450541535211719,,,-96,5.907837911587945,5.667173927682173,-84,2.6826957952797255,4.4269971840667495,-83,2.51188643150958,2.550914153254887,,,,,,,,,
Experiment 1 - Localization Accuracy and Responsiveness,0,2025-02-17T18:07:03.506142,7.63977196797392,6.03975688446582,,,-96,5.907837911587945,5.667173927682173,-84,2.6826957952797255,4.01896556614647,-84,2.6826957952797255,2.5817408652859877,,,,,,,,,
Experiment 1 - Localization Accuracy and Responsiveness,0,2025-02-17T18:07:04.005406,7.63977196797392,6.03975688446582,,,-96,5.907837911587945,5.667173927682173,-84,2.6826957952797255,4.01896556614647,-84,2.6826957952797255,2.5817408652859877,,,,,,,,,
Experiment 1 - Localization Accuracy and Responsiveness,0,2025-02-17T18:07:04.615555,7.783962033489856,5.797642328739762,,,-96,5.907837911587945,5.667173927682173,-84,2.6826957952797255,3.7063817890023856,-82,2.3519526350709588,2.5279881916044764,,,,,,,,,
Experiment 1 - Localization Accuracy and Responsiveness,0,2025-02-17T18:07:05.005109,7.783962033489856,5.797642328739762,,,-96,5.907837911587945,5.667173927682173,-84,2.6826957952797255,3.7063817890023856,-82,2.3519526350709588,2.5279881916044764,,,,,,,,,
Experiment 1 - Localization Accuracy and Responsiveness,0,2025-02-17T18:07:05.721494,8.058510149918543,5.45056041480673,,,-99,7.196856730011519,6.02500139531568,-84,2.6826957952797255,3.4669184399813484,-84,2.6826957952797255,2.5641778055312754,,,,,,,,,
Experiment 1 - Localization Accuracy and Responsiveness,0,2025-02-17T18:07:06.004385,8.058510149918543,5.45056041480673,,,-99,7.196856730011519,6.02500139531568,-84,2.6826957952797255,3.4669184399813484,-84,2.6826957952797255,2.5641778055312754,,,,,,,,,
Experiment 1 - Localization Accuracy and Responsiveness,0,2025-02-17T18:07:06.824317,8.169550899702617,5.2623330792662495,,,-99,7.196856730011519,6.02500139531568,-84,2.6826957952797255,3.2834709941532845,-83,2.51188643150958,2.5519456683085995,,,,,,,,,
Experiment 1 - Localization Accuracy and Responsiveness,0,2025-02-17T18:07:07.004941,8.169550899702617,5.2623330792662495,,,-99,7.196856730011519,6.02500139531568,-84,2.6826957952797255,3.2834709941532845,-83,2.51188643150958,2.5519456683085995,,,,,,,,,
Experiment 1 - Localization Accuracy and Responsiveness,0,2025-02-17T18:07:07.934583,7.976163940661886,5.665187450534996,,,-99,7.196856730011519,6.02500139531568,-93,4.849693428528198,3.6498459096519413,-83,2.51188643150958,2.5425749051429967,,,,,,,,,
Experiment 1 - Localization Accuracy and Responsiveness,0,2025-02-17T18:07:08.004010,7.976163940661886,5.665187450534996,,,-99,7.196856730011519,6.02500139531568,-93,4.849693428528198,3.6498459096519413,-83,2.51188643150958,2.5425749051429967,,,,,,,,,
Experiment 1 - Localization Accuracy and Responsiveness,0,2025-02-17T18:07:08.257108,7.934071383846224,5.859109091119185,,,-99,7.196856730011519,6.02500139531568,-91,4.25178630338289,3.7906534067533486,-82,2.3519526350709588,2.497984036977021,,,,,,,,,
Experiment 1 - Localization Accuracy and Responsiveness,0,2025-02-17T18:07:09.004369,7.934071383846224,5.859109091119185,,,-99,7.196856730011519,6.02500139531568,-91,4.25178630338289,3.7906534067533486,-82,2.3519526350709588,2.497984036977021,,,,,,,,,
Experiment 1 - Localization Accuracy and Responsiveness,0,2025-02-17T18:07:09.575044,8.048543031051683,5.486981319865936,,,-97,6.309573444801933,6.09156924563856,-84,2.6826957952797255,3.5314770168801246,-85,2.8651202696637807,2.5838655205229966,,,,,,,,,
Experiment 1 - Localization Accuracy and Responsiveness,0,2025-02-17T18:07:10.004587,8.048543031051683,5.486981319865936,,,-97,6.309573444801933,6.09156924563856,-84,2.6826957952797255,3.5314770168801246,-85,2.8651202696637807,2.5838655205229966,,,,,,,,,
Experiment 1 - Localization Accuracy and Responsiveness,0,2025-02-17T18:07:10.679706,8.149801267646412,5.251052645373328,,,-97,6.309573444801933,6.09156924563856,-84,2.6826957952797255,3.332927857121215,-84,2.6826957952797255,2.6069841611247426,,,,,,,,,
Experiment 1 - Localization Accuracy and Responsiveness,0,2025-02-17T18:07:11.004438,8.149801267646412,5.251052645373328,,,-97,6.309573444801933,6.09156924563856,-84,2.6826957952797255,3.332927857121215,-84,2.6826957952797255,2.6069841611247426,,,,,,,,,
Experiment 1 - Localization Accuracy and Responsiveness,0,2025-02-17T18:07:11.784503,8.438122110996977,5.035910040746249,,,-99,7.196856730011519,6.350121032282124,-83,2.51188643150958,3.140867664183541,-82,2.3519526350709588,2.5473265085737884,,,,,,,,,
Experiment 1 - Localization Accuracy and Responsiveness,0,2025-02-17T18:07:12.004173,8.438122110996977,5.035910040746249,,,-99,7.196856730011519,6.350121032282124,-83,2.51188643150958,3.140867664183541,-82,2.3519526350709588,2.5473265085737884,,,,,,,,,
Experiment 1 - Localization Accuracy and Responsiveness,0,2025-02-17T18:07:12.891730,8.379081785114343,5.142039962792914,,,-97,6.309573444801933,6.340636032826949,-88,3.4902548789595804,3.2225972502758067,-83,2.51188643150958,2.539036271532938,,,,,,,,,
Experiment 1 - Localization Accuracy and Responsiveness,0,2025-02-17T18:07:13.004346,8.379081785114343,5.142039962792914,,,-97,6.309573444801933,6.340636032826949,-88,3.4902548789595804,3.2225972502758067,-83,2.51188643150958,2.539036271532938,,,,,,,,,
Experiment 1 - Localization Accuracy and Responsiveness,0,2025-02-17T18:07:13.996366,8.26826535030347,5.350496819299213,,,-97,6.309573444801933,6.340636032826949,-90,3.9810717055349722,3.400021611180439,-83,2.51188643150958,2.532685308779471,,,,,,,,,
Experiment 1 - Localization Accuracy and Responsiveness,0,2025-02-17T18:07:14.003952,8.26826535030347,5.350496819299213,,,-97,6.309573444801933,6.340636032826949,-90,3.9810717055349722,3.400021611180439,-83,2.51188643150958,2.532685308779471,,,,,,,,,
Experiment 1 - Localization Accuracy and Responsiveness,0,2025-02-17T18:07:15.004293,8.26826535030347,5.350496819299213,,,-97,6.309573444801933,6.340636032826949,-90,3.9810717055349722,3.400021611180439,-83,2.51188643150958,2.532685308779471,,,,,,,,,
Experiment 1 - Localization Accuracy and Responsiveness,0,2025-02-17T18:07:15.098795,8.035689558313344,5.92651240400688,,,-97,6.309573444801933,6.340636032826949,-95,5.531681197617227,3.898665088448963,-82,2.3519526350709588,2.4904078412853794,,,,,,,,,
Experiment 1 - Localization Accuracy and Responsiveness,0,2025-02-17T18:07:16.004641,8.035689558313344,5.92651240400688,,,-97,6.309573444801933,6.340636032826949,-95,5.531681197617227,3.898665088448963,-82,2.3519526350709588,2.4904078412853794,,,,,,,,,
Experiment 1 - Localization Accuracy and Responsiveness,0,2025-02-17T18:07:16.205028,8.034302351319424,6.092908436017179,,,-97,6.309573444801933,6.340636032826949,-91,4.25178630338289,3.9812681417846374,-81,2.202201949987375,2.4229899530256804,,,,,,,,,
Experiment 1 - Localization Accuracy and Responsiveness,0,2025-02-17T18:07:17.007060,8.034302351319424,6.092908436017179,,,-97,6.309573444801933,6.340636032826949,-91,4.25178630338289,3.9812681417846374,-81,2.202201949987375,2.4229899530256804,,,,,,,,,
Experiment 1 - Localization Accuracy and Responsiveness,0,2025-02-17T18:07:17.312891,7.866202667560909,6.232047117698205,,,-93,4.849693428528198,5.9918707753037985,-91,4.25178630338289,4.044548469291865,-82,2.3519526350709588,2.4063727147639264,,,,,,,,,
Experiment 1 - Localization Accuracy and Responsiveness,0,2025-02-17T18:07:18.004304,7.866202667560909,6.232047117698205,,,-93,4.849693428528198,5.9918707753037985,-91,4.25178630338289,4.044548469291865,-82,2.3519526350709588,2.4063727147639264,,,,,,,,,
Experiment 1 - Localization Accuracy and Responsiveness,0,2025-02-17T18:07:18.417077,7.769728713655226,6.439230444650501,,,-94,5.179474679231212,5.801832920834665,-92,4.540909610972476,4.160658587081507,-81,2.202201949987375,2.3586125466993186,,,,,,,,,
Experiment 1 - Localization Accuracy and Responsiveness,0,2025-02-17T18:07:19.004774,7.769728713655226,6.439230444650501,,,-94,5.179474679231212,5.801832920834665,-92,4.540909610972476,4.160658587081507,-81,2.202201949987375,2.3586125466993186,,,,,,,,,
Experiment 1 - Localization Accuracy and Responsiveness,0,2025-02-17T18:07:19.522886,7.6154160586230075,6.568323138949702,,,-92,4.540909610972476,5.506874388149988,-92,4.540909610972476,4.249607917450365,-82,2.3519526350709588,2.357054642466487,,,,,,,,,
Experiment 1 - Localization Accuracy and Responsiveness,0,2025-02-17T18:07:20.004415,7.6154160586230075,6.568323138949702,,,-92,4.540909610972476,5.506874388149988,-92,4.540909610972476,4.249607917450365,-82,2.3519526350709588,2.357054642466487,,,,,,,,,
Experiment 1 - Localization Accuracy and Responsiveness,0,2025-02-17T18:07:20.629113,7.564749304026354,6.645029290334041,,,-94,5.179474679231212,5.430288177879495,-92,4.540909610972476,4.317749983996215,-82,2.3519526350709588,2.3558611673333356,,,,,,,,,
Experiment 1 - Localization Accuracy and Responsiveness,0,2025-02-17T18:07:21.006185,7.564749304026354,6.645029290334041,,,-94,5.179474679231212,5.430288177879495,-92,4.540909610972476,4.317749983996215,-82,2.3519526350709588,2.3558611673333356,,,,,,,,,
Experiment 1 - Localization Accuracy and Responsiveness,0,2025-02-17T18:07:21.743826,7.480872070067387,6.773386052898931,,,-92,4.540909610972476,5.222242379182376,-92,4.540909610972476,4.3699520771866185,-81,2.202201949987375,2.3199167947237167,,,,,,,,,
Experiment 1 - Localization Accuracy and Responsiveness,0,2025-02-17T18:07:22.006418,7.480872070067387,6.773386052898931,,,-92,4.540909610972476,5.222242379182376,-92,4.540909610972476,4.3699520771866185,-81,2.202201949987375,2.3199167947237167,,,,,,,,,
Experiment 1 - Localization Accuracy and Responsiveness,0,2025-02-17T18:07:22.847791,7.480872070067387,6.773386052898931,,,-92,4.540909610972476,5.222242379182376,-92,4.540909610972476,4.3699520771866185,-81,2.202201949987375,2.3199167947237167,,,,,,,,,
Experiment 1 - Localization Accuracy and Responsiveness,0,2025-02-17T18:07:23.005302,7.480872070067387,6.773386052898931,,,-92,4.540909610972476,5.222242379182376,-92,4.540909610972476,4.3699520771866185,-81,2.202201949987375,2.3199167947237167,,,,,,,,,
Experiment 1 - Localization Accuracy and Responsiveness,0,2025-02-17T18:07:23.952678,7.480872070067387,6.773386052898931,,,-92,4.540909610972476,5.222242379182376,-92,4.540909610972476,4.3699520771866185,-81,2.202201949987375,2.3199167947237167,,,,,,,,,
Experiment 1 - Localization Accuracy and Responsiveness,0,2025-02-17T18:07:24.003207,7.480872070067387,6.773386052898931,,,-92,4.540909610972476,5.222242379182376,-92,4.540909610972476,4.3699520771866185,-81,2.202201949987375,2.3199167947237167,,,,,,,,,
Experiment 1 - Localization Accuracy and Responsiveness,0,2025-02-17T18:07:25.005420,7.480872070067387,6.773386052898931,,,-92,4.540909610972476,5.222242379182376,-92,4.540909610972476,4.3699520771866185,-81,2.202201949987375,2.3199167947237167,,,,,,,,,
Experiment 1 - Localization Accuracy and Responsiveness,0,2025-02-17T18:07:25.061317,7.437400733874451,6.939048987392579,,,-92,4.540909610972476,5.222242379182376,-94,5.179474679231212,4.5593177562938205,-82,2.3519526350709588,2.3274107036619025,,,,,,,,,
Experiment 1 - Localization Accuracy and Responsiveness,0,2025-02-17T18:07:26.004519,7.437400733874451,6.939048987392579,,,-92,4.540909610972476,5.222242379182376,-94,5.179474679231212,4.5593177562938205,-82,2.3519526350709588,2.3274107036619025,,,,,,,,,
Experiment 1 - Localization Accuracy and Responsiveness,0,2025-02-17T18:07:26.161776,7.4493657944182115,7.174608966492782,,,-92,4.540909610972476,5.222242379182376,-94,5.179474679231212,4.704386512334066,-80,2.06198600950222,2.265321853598392,,,,,,,,,
Experiment 1 - Localization Accuracy and Responsiveness,0,2025-02-17T18:07:27.005673,7.4493657944182115,7.174608966492782,,,-92,4.540909610972476,5.222242379182376,-94,5.179474679231212,4.704386512334066,-80,2.06198600950222,2.265321853598392,,,,,,,,,
Experiment 1 - Localization Accuracy and Responsiveness,0,2025-02-17T18:07:27.269645,7.443313646044843,7.1052203395815,,,-92,4.540909610972476,5.222242379182376,-92,4.540909610972476,4.666145560980156,-82,2.3519526350709588,2.2855867562999435,,,,,,,,,
Experiment 1 - Localization Accuracy and Responsiveness,0,2025-02-17T18:07:28.005627,7.443313646044843,7.1052203395815,,,-92,4.540909610972476,5.222242379182376,-92,4.540909610972476,4.666145560980156,-82,2.3519526350709588,2.2855867562999435,,,,,,,,,
Experiment 1 - Localization Accuracy and Responsiveness,0,2025-02-17T18:07:28.378117,7.375871723444728,7.429219320264561,,,-92,4.540909610972476,5.222242379182376,-97,6.309573444801933,5.050580580456585,-82,2.3519526350709588,2.301111239089279,,,,,,,,,
Experiment 1 - Localization Accuracy and Responsiveness,0,2025-02-17T18:07:29.005192,7.375871723444728,7.429219320264561,,,-92,4.540909610972476,5.222242379182376,-97,6.309573444801933,5.050580580456585,-82,2.3519526350709588,2.301111239089279,,,,,,,,,
Experiment 1 - Localization Accuracy and Responsiveness,0,2025-02-17T18:07:29.483100,7.41412716759292,7.294586344803003,,,-95,5.531681197617227,5.294627130203593,-92,4.540909610972476,4.931356992364269,-82,2.3519526350709588,2.3130041935942094,,,,,,,,,
Experiment 1 - Localization Accuracy and Responsiveness,0,2025-02-17T18:07:30.005539,7.41412716759292,7.294586344803003,,,-95,5.531681197617227,5.294627130203593,-92,4.540909610972476,4.931356992364269,-82,2.3519526350709588,2.3130041935942094,,,,,,,,,
Experiment 1 - Localization Accuracy and Responsiveness,0,2025-02-17T18:07:30.589524,7.411385124663085,7.389323962370198,,,-93,4.849693428528198,5.1905470558948075,-93,4.849693428528198,4.912254034417111,-80,2.06198600950222,2.2542853526640365,,,,,,,,,
Experiment 1 - Localization Accuracy and Responsiveness,0,2025-02-17T18:07:31.005505,7.411385124663085,7.389323962370198,,,-93,4.849693428528198,5.1905470558948075,-93,4.849693428528198,4.912254034417111,-80,2.06198600950222,2.2542853526640365,,,,,,,,,
Experiment 1 - Localization Accuracy and Responsiveness,0,2025-02-17T18:07:31.698039,7.440053803299844,7.453669468504854,,,-93,4.849693428528198,5.110813669255066,-92,4.540909610972476,4.825388159701989,-79,1.93069772888325,2.1785908754830783,,,,,,,,,
Experiment 1 - Localization Accuracy and Responsiveness,0,2025-02-17T18:07:32.004566,7.440053803299844,7.453669468504854,,,-93,4.849693428528198,5.110813669255066,-92,4.540909610972476,4.825388159701989,-79,1.93069772888325,2.1785908754830783,,,,,,,,,
Experiment 1 - Localization Accuracy and Responsiveness,0,2025-02-17T18:07:32.804529,7.461891977020812,7.320998805542029,,,-93,4.849693428528198,5.049731728381529,-90,3.9810717055349722,4.627883410210245,-80,2.06198600950222,2.1513143552501655,,,,,,,,,
Experiment 1 - Localization Accuracy and Responsiveness,0,2025-02-17T18:07:33.004850,7.461891977020812,7.320998805542029,,,-93,4.849693428528198,5.049731728381529,-90,3.9810717055349722,4.627883410210245,-80,2.06198600950222,2.1513143552501655,,,,,,,,,
Experiment 1 - Localization Accuracy and Responsiveness,0,2025-02-17T18:07:33.913210,7.418434671946179,6.435087425488857,,,-94,5.179474679231212,5.080081544353275,-83,2.51188643150958,4.132903771780871,-87,3.268027589410125,2.4125388836581467,,,,,,,,,
Experiment 1 - Localization Accuracy and Responsiveness,0,2025-02-17T18:07:34.003165,7.418434671946179,6.435087425488857,,,-94,5.179474679231212,5.080081544353275,-83,2.51188643150958,4.132903771780871,-87,3.268027589410125,2.4125388836581467,,,,,,,,,
Experiment 1 - Localization Accuracy and Responsiveness,0,2025-02-17T18:07:35.004688,7.418434671946179,6.435087425488857,,,-94,5.179474679231212,5.080081544353275,-83,2.51188643150958,4.132903771780871,-87,3.268027589410125,2.4125388836581467,,,,,,,,,
Experiment 1 - Localization Accuracy and Responsiveness,0,2025-02-17T18:07:35.017998,7.455156296398677,5.768408073998199,,,-95,5.531681197617227,5.185720935778439,-83,2.51188643150958,3.753711086228017,-88,3.4902548789595804,2.6646410742819833,,,,,,,,,
Experiment 1 - Localization Accuracy and Responsiveness,0,2025-02-17T18:07:36.004765,7.455156296398677,5.768408073998199,,,-95,5.531681197617227,5.185720935778439,-83,2.51188643150958,3.753711086228017,-88,3.4902548789595804,2.6646410742819833,,,,,,,,,
Experiment 1 - Localization Accuracy and Responsiveness,0,2025-02-17T18:07:36.127045,7.557127812363262,5.324562164052128,,,-96,5.907837911587945,5.354640458437392,-84,2.6826957952797255,3.5031763421796374,-88,3.4902548789595804,2.8577708502859913,,,,,,,,,
Experiment 1 - Localization Accuracy and Responsiveness,0,2025-02-17T18:07:37.005058,7.557127812363262,5.324562164052128,,,-96,5.907837911587945,5.354640458437392,-84,2.6826957952797255,3.5031763421796374,-88,3.4902548789595804,2.8577708502859913,,,,,,,,,
Experiment 1 - Localization Accuracy and Responsiveness,0,2025-02-17T18:07:37.232705,7.669377887416242,5.140204751158298,,,-94,5.179474679231212,5.313665213704332,-83,2.51188643150958,3.271291171028094,-84,2.6826957952797255,2.816816827998957,,,,,,,,,
Experiment 1 - Localization Accuracy and Responsiveness,0,2025-02-17T18:07:38.005603,7.669377887416242,5.140204751158298,,,-94,5.179474679231212,5.313665213704332,-83,2.51188643150958,3.271291171028094,-84,2.6826957952797255,2.816816827998957,,,,,,,,,
Experiment 1 - Localization Accuracy and Responsiveness,0,2025-02-17T18:07:38.338296,8.023200251151398,5.014335810495316,,,-100,7.686246100397738,5.868665641994678,-86,3.0599496872071956,3.221853609301975,-84,2.6826957952797255,2.785442879477582,,,,,,,,,
Experiment 1 - Localization Accuracy and Responsiveness,0,2025-02-17T18:07:39.004727,8.023200251151398,5.014335810495316,,,-100,7.686246100397738,5.868665641994678,-86,3.0599496872071956,3.221853609301975,-84,2.6826957952797255,2.785442879477582,,,,,,,,,
Experiment 1 - Localization Accuracy and Responsiveness,0,2025-02-17T18:07:39.443155,8.069159174065963,5.122063643852622,,,-98,6.738627168030947,6.072169354873001,-89,3.72759372031494,3.3401576805309166,-84,2.6826957952797255,2.761408008398911,,,,,,,,,
Experiment 1 - Localization Accuracy and Responsiveness,0,2025-02-17T18:07:40.005089,8.069159174065963,5.122063643852622,,,-98,6.738627168030947,6.072169354873001,-89,3.72759372031494,3.3401576805309166,-84,2.6826957952797255,2.761408008398911,,,,,,,,,
Experiment 1 - Localization Accuracy and Responsiveness,0,2025-02-17T18:07:40.550628,7.751943639441997,5.605174022819819,,,-94,5.179474679231212,5.8633478432050925,-94,5.179474679231212,3.7704156025118465,-84,2.6826957952797255,2.742995438257325,,,,,,,,,
Experiment 1 - Localization Accuracy and Responsiveness,0,2025-02-17T18:07:41.005624,7.751943639441997,5.605174022819819,,,-94,5.179474679231212,5.8633478432050925,-94,5.179474679231212,3.7704156025118465,-84,2.6826957952797255,2.742995438257325,,,,,,,,,
Experiment 1 - Localization Accuracy and Responsiveness,0,2025-02-17T18:07:41.663697,7.581252764343782,6.074775042325813,,,-96,5.907837911587945,5.87375507827372,-96,5.907837911587945,4.270407111179795,-84,2.6826957952797255,2.7288899854712816,,,,,,,,,
Experiment 1 - Localization Accuracy and Responsiveness,0,2025-02-17T18:07:42.005681,7.581252764343782,6.074775042325813,,,-96,5.907837911587945,5.87375507827372,-96,5.907837911587945,4.270407111179795,-84,2.6826957952797255,2.7288899854712816,,,,,,,,,
Experiment 1 - Localization Accuracy and Responsiveness,0,2025-02-17T18:07:42.768833,7.581252764343782,6.074775042325813,,,-96,5.907837911587945,5.87375507827372,-96,5.907837911587945,4.270407111179795,-84,2.6826957952797255,2.7288899854712816,,,,,,,,,
Experiment 1 - Localization Accuracy and Responsiveness,0,2025-02-17T18:07:43.005958,7.581252764343782,6.074775042325813,,,-96,5.907837911587945,5.87375507827372,-96,5.907837911587945,4.270407111179795,-84,2.6826957952797255,2.7288899854712816,,,,,,,,,
Experiment 1 - Localization Accuracy and Responsiveness,1,2025-02-17T18:07:43.498986,7.581252764343782,6.074775042325813,,,-96,5.907837911587945,5.87375507827372,-96,5.907837911587945,4.270407111179795,-84,2.6826957952797255,2.7288899854712816,,,,,,,,,
Experiment 1 - Localization Accuracy and Responsiveness,1,2025-02-17T18:07:43.871632,7.581252764343782,6.074775042325813,,,-96,5.907837911587945,5.87375507827372,-96,5.907837911587945,4.270407111179795,-84,2.6826957952797255,2.7288899854712816,,,,,,,,,
Experiment 1 - Localization Accuracy and Responsiveness,1,2025-02-17T18:07:44.505041,7.581252764343782,6.074775042325813,,,-96,5.907837911587945,5.87375507827372,-96,5.907837911587945,4.270407111179795,-84,2.6826957952797255,2.7288899854712816,,,,,,,,,
Experiment 1 - Localization Accuracy and Responsiveness,1,2025-02-17T18:07:44.979775,7.581252764343782,6.074775042325813,,,-96,5.907837911587945,5.87375507827372,-96,5.907837911587945,4.270407111179795,-84,2.6826957952797255,2.7288899854712816,,,,,,,,,
Experiment 1 - Localization Accuracy and Responsiveness,1,2025-02-17T18:07:45.502542,7.581252764343782,6.074775042325813,,,-96,5.907837911587945,5.87375507827372,-96,5.907837911587945,4.270407111179795,-84,2.6826957952797255,2.7288899854712816,,,,,,,,,
Experiment 1 - Localization Accuracy and Responsiveness,1,2025-02-17T18:07:46.085955,7.158579580946037,6.134003658360278,,,-85,2.8651202696637807,5.169967225681305,-93,4.849693428528198,4.405915306510143,-87,3.268027589410125,2.8550064870294243,,,,,,,,,
Experiment 1 - Localization Accuracy and Responsiveness,1,2025-02-17T18:07:46.502153,7.158579580946037,6.134003658360278,,,-85,2.8651202696637807,5.169967225681305,-93,4.849693428528198,4.405915306510143,-87,3.268027589410125,2.8550064870294243,,,,,,,,,
Experiment 1 - Localization Accuracy and Responsiveness,1,2025-02-17T18:07:47.194668,7.27634391155883,6.021650001927961,,,-98,6.738627168030947,5.536912329525288,-92,4.540909610972476,4.437493533079172,-87,3.268027589410125,2.95162148127466,,,,,,,,,
Experiment 1 - Localization Accuracy and Responsiveness,1,2025-02-17T18:07:47.502835,7.27634391155883,6.021650001927961,,,-98,6.738627168030947,5.536912329525288,-92,4.540909610972476,4.437493533079172,-87,3.268027589410125,2.95162148127466,,,,,,,,,
Experiment 1 - Localization Accuracy and Responsiveness,1,2025-02-17T18:07:48.301599,7.061295220372929,5.960814848827147,,,-88,3.4902548789595804,5.05815277784962,-90,3.9810717055349722,4.330726125827093,-86,3.0599496872071956,2.976961903186375,,,,,,,,,
Experiment 1 - Localization Accuracy and Responsiveness,1,2025-02-17T18:07:48.501498,7.061295220372929,5.960814848827147,,,-88,3.4902548789595804,5.05815277784962,-90,3.9810717055349722,4.330726125827093,-86,3.0599496872071956,2.976961903186375,,,,,,,,,
Experiment 1 - Localization Accuracy and Responsiveness,1,2025-02-17T18:07:49.408023,6.938250733888715,6.18332328643353,,,-88,3.4902548789595804,4.691385933237526,-92,4.540909610972476,4.379892805424609,-82,2.3519526350709588,2.8307580736625995,,,,,,,,,
Experiment 1 - Localization Accuracy and Responsiveness,1,2025-02-17T18:07:49.501376,6.938250733888715,6.18332328643353,,,-88,3.4902548789595804,4.691385933237526,-92,4.540909610972476,4.379892805424609,-82,2.3519526350709588,2.8307580736625995,,,,,,,,,
Experiment 1 - Localization Accuracy and Responsiveness,1,2025-02-17T18:07:50.501706,6.938250733888715,6.18332328643353,,,-88,3.4902548789595804,4.691385933237526,-92,4.540909610972476,4.379892805424609,-82,2.3519526350709588,2.8307580736625995,,,,,,,,,
Experiment 1 - Localization Accuracy and Responsiveness,1,2025-02-17T18:07:50.515327,5.684844330769694,6.330472756855064,,,-94,5.179474679231212,4.805560950236725,-97,6.309573444801933,4.83128883045564,-88,3.4902548789595804,2.9850293195656428,,,,,,,,,
Experiment 1 - Localization Accuracy and Responsiveness,1,2025-02-17T18:07:51.501002,5.684844330769694,6.330472756855064,,,-94,5.179474679231212,4.805560950236725,-97,6.309573444801933,4.83128883045564,-88,3.4902548789595804,2.9850293195656428,,,,,,,,,
Experiment 1 - Localization Accuracy and Responsiveness,1,2025-02-17T18:07:51.620702,5.568468567728713,5.711498184098823,,,-90,3.9810717055349722,4.6126942342918,-95,5.531681197617227,4.995126474906917,-94,5.179474679231212,3.4983598118177017,,,,,,,,,
Experiment 1 - Localization Accuracy and Responsiveness,1,2025-02-17T18:07:52.504283,5.568468567728713,5.711498184098823,,,-90,3.9810717055349722,4.6126942342918,-95,5.531681197617227,4.995126474906917,-94,5.179474679231212,3.4983598118177017,,,,,,,,,
Experiment 1 - Localization Accuracy and Responsiveness,1,2025-02-17T18:07:52.728314,5.296139452291493,5.605040222738501,,,-85,2.8651202696637807,4.20389708673097,-94,5.179474679231212,5.038249696934188,-83,2.51188643150958,3.267601336252699,,,,,,,,,
Experiment 1 - Localization Accuracy and Responsiveness,1,2025-02-17T18:07:53.502017,5.296139452291493,5.605040222738501,,,-85,2.8651202696637807,4.20389708673097,-94,5.179474679231212,5.038249696934188,-83,2.51188643150958,3.267601336252699,,,,,,,,,
Experiment 1 - Localization Accuracy and Responsiveness,1,2025-02-17T18:07:53.831962,5.061578282768266,5.058767641284267,,,-84,2.6826957952797255,3.8480536366693383,-95,5.531681197617227,5.1536745053135125,-93,4.849693428528198,3.6376885243153994,,,,,,,,,
Experiment 1 - Localization Accuracy and Responsiveness,1,2025-02-17T18:07:54.500806,5.061578282768266,5.058767641284267,,,-84,2.6826957952797255,3.8480536366693383,-95,5.531681197617227,5.1536745053135125,-93,4.849693428528198,3.6376885243153994,,,,,,,,,
Experiment 1 - Localization Accuracy and Responsiveness,1,2025-02-17T18:07:54.942406,4.990633884790002,5.198907488008276,POI-1,2.9972412685067416,-96,5.907837911587945,4.32988384999402,-101,8.208914159638255,5.868364287309973,-92,4.540909610972476,3.8489724020314418,,,,,,,,,
Experiment 1 - Localization Accuracy and Responsiveness,1,2025-02-17T18:07:55.501317,4.990633884790002,5.198907488008276,POI-1,2.9972412685067416,-96,5.907837911587945,4.32988384999402,-101,8.208914159638255,5.868364287309973,-92,4.540909610972476,3.8489724020314418,,,,,,,,,
Experiment 1 - Localization Accuracy and Responsiveness,1,2025-02-17T18:07:56.047035,4.977231279967163,5.004791351893004,POI-1,2.9772351354012794,-96,5.907837911587945,4.32988384999402,-97,6.309573444801933,5.971573106342031,-94,5.179474679231212,4.160207031724627,,,,,,,,,
Experiment 1 - Localization Accuracy and Responsiveness,2,2025-02-17T18:07:56.457025,4.977231279967163,5.004791351893004,POI-1,2.9772351354012794,-96,5.907837911587945,4.32988384999402,-97,6.309573444801933,5.971573106342031,-94,5.179474679231212,4.160207031724627,,,,,,,,,
Experiment 1 - Localization Accuracy and Responsiveness,2,2025-02-17T18:07:57.153714,5.535493585702189,5.6488253130852915,POI-1,2.9772351354012794,-96,5.907837911587945,4.32988384999402,-98,6.738627168030947,6.151004431590758,-98,6.738627168030947,4.763357924488007,,,,,,,,,
Experiment 1 - Localization Accuracy and Responsiveness,2,2025-02-17T18:07:57.461923,5.535493585702189,5.6488253130852915,POI-1,2.9772351354012794,-96,5.907837911587945,4.32988384999402,-98,6.738627168030947,6.151004431590758,-98,6.738627168030947,4.763357924488007,,,,,,,,,
Experiment 1 - Localization Accuracy and Responsiveness,2,2025-02-17T18:07:58.259634,4.886383062167058,5.297966460882003,POI-1,2.9017221082273585,-81,2.202201949987375,3.8321708437095263,-98,6.738627168030947,6.288462704236615,-99,7.196856730011519,5.332608434295441,,,,,,,,,
Experiment 1 - Localization Accuracy and Responsiveness,2,2025-02-17T18:07:58.461127,4.886383062167058,5.297966460882003,POI-1,2.9017221082273585,-81,2.202201949987375,3.8321708437095263,-98,6.738627168030947,6.288462704236615,-99,7.196856730011519,5.332608434295441,,,,,,,,,
Experiment 1 - Localization Accuracy and Responsiveness,2,2025-02-17T18:07:59.368100,4.549288873636659,5.220368460536697,POI-1,2.5587958143718654,-81,2.202201949987375,3.450884186976615,-98,6.738627168030947,6.288462704236615,-99,7.196856730011519,5.332608434295441,,,,,,,,,
Experiment 1 - Localization Accuracy and Responsiveness,2,2025-02-17T18:07:59.460150,4.549288873636659,5.220368460536697,POI-1,2.5587958143718654,-81,2.202201949987375,3.450884186976615,-98,6.738627168030947,6.288462704236615,-99,7.196856730011519,5.332608434295441,,,,,,,,,
Experiment 1 - Localization Accuracy and Responsiveness,2,2025-02-17T18:08:00.461283,4.549288873636659,5.220368460536697,POI-1,2.5587958143718654,-81,2.202201949987375,3.450884186976615,-98,6.738627168030947,6.288462704236615,-99,7.196856730011519,5.332608434295441,,,,,,,,,
Experiment 1 - Localization Accuracy and Responsiveness,2,2025-02-17T18:08:00.470484,4.2492003254020405,5.13999822651024,POI-1,2.2535531072541106,-81,2.202201949987375,3.158789118600078,-98,6.738627168030947,6.288462704236615,-99,7.196856730011519,5.332608434295441,,,,,,,,,
Experiment 1 - Localization Accuracy and Responsiveness,2,2025-02-17T18:08:01.462040,4.2492003254020405,5.13999822651024,POI-1,2.2535531072541106,-81,2.202201949987375,3.158789118600078,-98,6.738627168030947,6.288462704236615,-99,7.196856730011519,5.332608434295441,,,,,,,,,
Experiment 1 - Localization Accuracy and Responsiveness,2,2025-02-17T18:08:01.573876,3.9460650759050693,5.049630081926789,POI-1,1.946697825726803,-80,2.06198600950222,2.9022220195757504,-98,6.738627168030947,6.288462704236615,-99,7.196856730011519,5.332608434295441,,,,,,,,,
Experiment 1 - Localization Accuracy and Responsiveness,2,2025-02-17T18:08:02.461277,3.9460650759050693,5.049630081926789,POI-1,1.946697825726803,-80,2.06198600950222,2.9022220195757504,-98,6.738627168030947,6.288462704236615,-99,7.196856730011519,5.332608434295441,,,,,,,,,
Experiment 1 - Localization Accuracy and Responsiveness,2,2025-02-17T18:08:02.687363,3.6819285950986367,4.96444537659555,POI-1,1.6823043512563076,-80,2.06198600950222,2.705671778413818,-98,6.738627168030947,6.288462704236615,-99,7.196856730011519,5.332608434295441,,,,,,,,,
Experiment 1 - Localization Accuracy and Responsiveness,2,2025-02-17T18:08:03.461597,3.6819285950986367,4.96444537659555,POI-1,1.6823043512563076,-80,2.06198600950222,2.705671778413818,-98,6.738627168030947,6.288462704236615,-99,7.196856730011519,5.332608434295441,,,,,,,,,
Experiment 1 - Localization Accuracy and Responsiveness,2,2025-02-17T18:08:03.789916,3.6819285950986367,4.96444537659555,POI-1,1.6823043512563076,-80,2.06198600950222,2.705671778413818,-98,6.738627168030947,6.288462704236615,-99,7.196856730011519,5.332608434295441,,,,,,,,,
Experiment 1 - Localization Accuracy and Responsiveness,2,2025-02-17T18:08:04.461994,3.6819285950986367,4.96444537659555,POI-1,1.6823043512563076,-80,2.06198600950222,2.705671778413818,-98,6.738627168030947,6.288462704236615,-99,7.196856730011519,5.332608434295441,,,,,,,,,
Experiment 1 - Localization Accuracy and Responsiveness,2,2025-02-17T18:08:04.897491,3.6819285950986367,4.96444537659555,POI-1,1.6823043512563076,-80,2.06198600950222,2.705671778413818,-98,6.738627168030947,6.288462704236615,-99,7.196856730011519,5.332608434295441,,,,,,,,,
Experiment 1 - Localization Accuracy and Responsiveness,2,2025-02-17T18:08:05.461426,3.6819285950986367,4.96444537659555,POI-1,1.6823043512563076,-80,2.06198600950222,2.705671778413818,-98,6.738627168030947,6.288462704236615,-99,7.196856730011519,5.332608434295441,,,,,,,,,
Experiment 1 - Localization Accuracy and Responsiveness,2,2025-02-17T18:08:05.999742,3.3835861698826104,4.681554810290693,POI-1,1.4197598488263528,-80,2.06198600950222,2.705671778413818,-98,6.738627168030947,6.288462704236615,-99,7.196856730011519,5.768698351551726,,,,,,,,,
Experiment 1 - Localization Accuracy and Responsiveness,2,2025-02-17T18:08:06.461180,3.3835861698826104,4.681554810290693,POI-1,1.4197598488263528,-80,2.06198600950222,2.705671778413818,-98,6.738627168030947,6.288462704236615,-99,7.196856730011519,5.768698351551726,,,,,,,,,
Experiment 1 - Localization Accuracy and Responsiveness,2,2025-02-17T18:08:07.108127,3.5501489863175046,2.8844382555995396,POI-1,2.6227015411883805,-80,2.06198600950222,2.705671778413818,-98,6.738627168030947,6.393766372325733,-102,8.767123872968682,6.4700980205435625,,,,,,,,,
Experiment 1 - Localization Accuracy and Responsiveness,2,2025-02-17T18:08:07.458624,3.5501489863175046,2.8844382555995396,POI-1,2.6227015411883805,-80,2.06198600950222,2.705671778413818,-98,6.738627168030947,6.393766372325733,-102,8.767123872968682,6.4700980205435625,,,,,,,,,
Experiment 1 - Localization Accuracy and Responsiveness,2,2025-02-17T18:08:08.212108,3.6445897992155807,2.904184550789727,POI-1,2.664041667247793,-80,2.06198600950222,2.705671778413818,-96,5.907837911587945,6.280096694996502,-102,8.767123872968682,6.4700980205435625,,,,,,,,,
Experiment 1 - Localization Accuracy and Responsiveness,2,2025-02-17T18:08:08.460343,3.6445897992155807,2.904184550789727,POI-1,2.664041667247793,-80,2.06198600950222,2.705671778413818,-96,5.907837911587945,6.280096694996502,-102,8.767123872968682,6.4700980205435625,,,,,,,,,
Experiment 1 - Localization Accuracy and Responsiveness,2,2025-02-17T18:08:09.320691,3.922479790652808,4.668993266478621,POI-1,1.9507675420472217,-96,5.907837911587945,3.4547309929324497,-99,7.196856730011519,6.494547639504408,-102,8.767123872968682,6.4700980205435625,,,,,,,,,
Experiment 1 - Localization Accuracy and Responsiveness,2,2025-02-17T18:08:09.458210,3.922479790652808,4.668993266478621,POI-1,1.9507675420472217,-96,5.907837911587945,3.4547309929324497,-99,7.196856730011519,6.494547639504408,-102,8.767123872968682,6.4700980205435625,,,,,,,,,
Experiment 1 - Localization Accuracy and Responsiveness,2,2025-02-17T18:08:10.422689,3.748596064884428,4.723418264256209,POI-1,1.7703348990166679,-81,2.202201949987375,3.1617360694803653,-99,7.196856730011519,6.494547639504408,-94,5.179474679231212,6.168191977547425,,,,,,,,,
Experiment 1 - Localization Accuracy and Responsiveness,2,2025-02-17T18:08:10.459726,3.748596064884428,4.723418264256209,POI-1,1.7703348990166679,-81,2.202201949987375,3.1617360694803653,-99,7.196856730011519,6.494547639504408,-94,5.179474679231212,6.168191977547425,,,,,,,,,
Experiment 1 - Localization Accuracy and Responsiveness,2,2025-02-17T18:08:11.459796,3.748596064884428,4.723418264256209,POI-1,1.7703348990166679,-81,2.202201949987375,3.1617360694803653,-99,7.196856730011519,6.494547639504408,-94,5.179474679231212,6.168191977547425,,,,,,,,,
Experiment 1 - Localization Accuracy and Responsiveness,2,2025-02-17T18:08:11.527398,3.446237666266278,4.647405413371831,POI-1,1.4885987806816248,-80,2.06198600950222,2.904479611871939,-99,7.196856730011519,6.494547639504408,-96,5.907837911587945,6.107289262312277,,,,,,,,,
Experiment 1 - Localization Accuracy and Responsiveness,2,2025-02-17T18:08:12.461310,3.446237666266278,4.647405413371831,POI-1,1.4885987806816248,-80,2.06198600950222,2.904479611871939,-99,7.196856730011519,6.494547639504408,-96,5.907837911587945,6.107289262312277,,,,,,,,,
Experiment 1 - Localization Accuracy and Responsiveness,2,2025-02-17T18:08:12.633386,3.3992774174394036,4.742590443144466,POI-1,1.4227568207239245,-81,2.202201949987375,2.7402009542671912,-99,7.196856730011519,6.494547639504408,-93,4.849693428528198,5.813109101677563,,,,,,,,,
Experiment 1 - Localization Accuracy and Responsiveness,2,2025-02-17T18:08:13.461084,3.3992774174394036,4.742590443144466,POI-1,1.4227568207239245,-81,2.202201949987375,2.7402009542671912,-99,7.196856730011519,6.494547639504408,-93,4.849693428528198,5.813109101677563,,,,,,,,,
Experiment 1 - Localization Accuracy and Responsiveness,2,2025-02-17T18:08:13.740612,3.3074745401399217,4.769603897452849,POI-1,1.3276189352306698,-81,2.202201949987375,2.6143507969681443,-99,7.196856730011519,6.494547639504408,-94,5.179474679231212,5.664887653123563,,,,,,,,,
Experiment 1 - Localization Accuracy and Responsiveness,2,2025-02-17T18:08:14.461126,3.3074745401399217,4.769603897452849,POI-1,1.3276189352306698,-81,2.202201949987375,2.6143507969681443,-99,7.196856730011519,6.494547639504408,-94,5.179474679231212,5.664887653123563,,,,,,,,,
Experiment 1 - Localization Accuracy and Responsiveness,2,2025-02-17T18:08:14.840813,2.854236105389036,4.473618483525121,POI-1,1.0033926572566798,-76,1.5848931924611136,2.3735373374091626,-94,5.179474679231212,6.1869222766440215,-96,5.907837911587945,5.721719223443132,,,,,,,,,
Experiment 1 - Localization Accuracy and Responsiveness,2,2025-02-17T18:08:15.460747,2.854236105389036,4.473618483525121,POI-1,1.0033926572566798,-76,1.5848931924611136,2.3735373374091626,-94,5.179474679231212,6.1869222766440215,-96,5.907837911587945,5.721719223443132,,,,,,,,,
Experiment 1 - Localization Accuracy and Responsiveness,2,2025-02-17T18:08:15.949412,2.4470541086303634,4.192857426918685,POI-1,0.9226789849799409,-76,1.5848931924611136,2.1890556024893275,-93,4.849693428528198,5.874114149600219,-96,5.907837911587945,5.765256601752357,,,,,,,,,
Experiment 1 - Localization Accuracy and Responsiveness,2,2025-02-17T18:08:16.460594,2.4470541086303634,4.192857426918685,POI-1,0.9226789849799409,-76,1.5848931924611136,2.1890556024893275,-93,4.849693428528198,5.874114149600219,-96,5.907837911587945,5.765256601752357,,,,,,,,,
Experiment 1 - Localization Accuracy and Responsiveness,2,2025-02-17T18:08:17.053840,3.0537798174140973,2.5716179148670766,POI-1,2.6471666843974546,-77,1.692666615037876,2.0729389709429453,-91,4.25178630338289,5.494614907012616,-93,4.849693428528198,5.551085630336309,,,,,,,,,
Experiment 1 - Localization Accuracy and Responsiveness,2,2025-02-17T18:08:17.459527,3.0537798174140973,2.5716179148670766,POI-1,2.6471666843974546,-77,1.692666615037876,2.0729389709429453,-91,4.25178630338289,5.494614907012616,-93,4.849693428528198,5.551085630336309,,,,,,,,,
Experiment 1 - Localization Accuracy and Responsiveness,2,2025-02-17T18:08:18.157891,3.964796291807145,3.171745688157106,POI-1,2.6838290364833677,-90,3.9810717055349722,2.5192944528035954,-93,4.849693428528198,5.343753160304653,-93,4.849693428528198,5.387014101906554,,,,,,,,,
Experiment 1 - Localization Accuracy and Responsiveness,2,2025-02-17T18:08:18.460624,3.964796291807145,3.171745688157106,POI-1,2.6838290364833677,-90,3.9810717055349722,2.5192944528035954,-93,4.849693428528198,5.343753160304653,-93,4.849693428528198,5.387014101906554,,,,,,,,,
Experiment 1 - Localization Accuracy and Responsiveness,2,2025-02-17T18:08:19.264626,4.6957870306812275,3.552977524785388,POI-1,2.6838290364833677,-93,4.849693428528198,3.06442757634362,-93,4.849693428528198,5.343753160304653,-98,6.738627168030947,5.703187023465962,,,,,,,,,
Experiment 1 - Localization Accuracy and Responsiveness,2,2025-02-17T18:08:19.461123,4.6957870306812275,3.552977524785388,POI-1,2.6838290364833677,-93,4.849693428528198,3.06442757634362,-93,4.849693428528198,5.343753160304653,-98,6.738627168030947,5.703187023465962,,,,,,,,,
Experiment 1 - Localization Accuracy and Responsiveness,2,2025-02-17T18:08:20.371054,5.228806927184548,3.748988426254957,POI-1,2.6838290364833677,-94,5.179474679231212,3.559185017297648,-93,4.849693428528198,5.343753160304653,-100,7.686246100397738,6.167069474511104,,,,,,,,,
Experiment 1 - Localization Accuracy and Responsiveness,2,2025-02-17T18:08:20.460230,5.228806927184548,3.748988426254957,POI-1,2.6838290364833677,-94,5.179474679231212,3.559185017297648,-93,4.849693428528198,5.343753160304653,-100,7.686246100397738,6.167069474511104,,,,,,,,,
Experiment 1 - Localization Accuracy and Responsiveness,2,2025-02-17T18:08:21.459257,5.228806927184548,3.748988426254957,POI-1,2.6838290364833677,-94,5.179474679231212,3.559185017297648,-93,4.849693428528198,5.343753160304653,-100,7.686246100397738,6.167069474511104,,,,,,,,,
Experiment 1 - Localization Accuracy and Responsiveness,2,2025-02-17T18:08:21.482188,5.497296559546591,3.9609149141471143,POI-1,2.6838290364833677,-94,5.179474679231212,3.9382074823992785,-93,4.849693428528198,5.343753160304653,-97,6.309573444801933,6.200404382074449,,,,,,,,,
Experiment 1 - Localization Accuracy and Responsiveness,2,2025-02-17T18:08:22.461691,5.497296559546591,3.9609149141471143,POI-1,2.6838290364833677,-94,5.179474679231212,3.9382074823992785,-93,4.849693428528198,5.343753160304653,-97,6.309573444801933,6.200404382074449,,,,,,,,,
Experiment 1 - Localization Accuracy and Responsiveness,2,2025-02-17T18:08:22.583314,5.591654962593644,4.129579052344288,POI-1,2.6838290364833677,-93,4.849693428528198,4.1514246980142975,-93,4.849693428528198,5.343753160304653,-95,5.531681197617227,6.043974877030813,,,,,,,,,
Experiment 1 - Localization Accuracy and Responsiveness,2,2025-02-17T18:08:23.461096,5.591654962593644,4.129579052344288,POI-1,2.6838290364833677,-93,4.849693428528198,4.1514246980142975,-93,4.849693428528198,5.343753160304653,-95,5.531681197617227,6.043974877030813,,,,,,,,,
Experiment 1 - Localization Accuracy and Responsiveness,2,2025-02-17T18:08:23.689513,5.591654962593644,4.129579052344288,POI-1,2.6838290364833677,-93,4.849693428528198,4.1514246980142975,-93,4.849693428528198,5.343753160304653,-95,5.531681197617227,6.043974877030813,,,,,,,,,
Experiment 1 - Localization Accuracy and Responsiveness,2,2025-02-17T18:08:24.461146,5.591654962593644,4.129579052344288,POI-1,2.6838290364833677,-93,4.849693428528198,4.1514246980142975,-93,4.849693428528198,5.343753160304653,-95,5.531681197617227,6.043974877030813,,,,,,,,,
Experiment 1 - Localization Accuracy and Responsiveness,2,2025-02-17T18:08:24.794710,5.591654962593644,4.129579052344288,POI-1,2.6838290364833677,-93,4.849693428528198,4.1514246980142975,-93,4.849693428528198,5.343753160304653,-95,5.531681197617227,6.043974877030813,,,,,,,,,
Experiment 1 - Localization Accuracy and Responsiveness,2,2025-02-17T18:08:25.462177,5.591654962593644,4.129579052344288,POI-1,2.6838290364833677,-93,4.849693428528198,4.1514246980142975,-93,4.849693428528198,5.343753160304653,-95,5.531681197617227,6.043974877030813,,,,,,,,,
Experiment 1 - Localization Accuracy and Responsiveness,2,2025-02-17T18:08:25.900539,5.591654962593644,4.129579052344288,POI-1,2.6838290364833677,-93,4.849693428528198,4.1514246980142975,-93,4.849693428528198,5.343753160304653,-95,5.531681197617227,6.043974877030813,,,,,,,,,
Experiment 1 - Localization Accuracy and Responsiveness,2,2025-02-17T18:08:26.459272,5.591654962593644,4.129579052344288,POI-1,2.6838290364833677,-93,4.849693428528198,4.1514246980142975,-93,4.849693428528198,5.343753160304653,-95,5.531681197617227,6.043974877030813,,,,,,,,,
Experiment 1 - Localization Accuracy and Responsiveness,2,2025-02-17T18:08:27.007848,5.198637559536711,3.8234908446500127,POI-1,2.6838290364833677,-76,1.5848931924611136,3.551054825361457,-94,5.179474679231212,5.305324701293624,-95,5.531681197617227,5.924137777659575,,,,,,,,,
Experiment 1 - Localization Accuracy and Responsiveness,2,2025-02-17T18:08:27.460755,5.198637559536711,3.8234908446500127,POI-1,2.6838290364833677,-76,1.5848931924611136,3.551054825361457,-94,5.179474679231212,5.305324701293624,-95,5.531681197617227,5.924137777659575,,,,,,,,,
Experiment 1 - Localization Accuracy and Responsiveness,2,2025-02-17T18:08:28.116644,4.88939208150744,3.519678120101643,POI-1,2.6838290364833677,-76,1.5848931924611136,3.091125069344356,-93,4.849693428528198,5.198742222717009,-96,5.907837911587945,5.920324869656494,,,,,,,,,
Experiment 1 - Localization Accuracy and Responsiveness,2,2025-02-17T18:08:28.460765,4.88939208150744,3.519678120101643,POI-1,2.6838290364833677,-76,1.5848931924611136,3.091125069344356,-93,4.849693428528198,5.198742222717009,-96,5.907837911587945,5.920324869656494,,,,,,,,,
Experiment 1 - Localization Accuracy and Responsiveness,2,2025-02-17T18:08:29.218033,4.591421429683861,3.2981238282881176,POI-1,2.6838290364833677,-77,1.692666615037876,2.7639939500474955,-93,4.849693428528198,5.117091800868166,-95,5.531681197617227,5.829412308721749,,,,,,,,,
Experiment 1 - Localization Accuracy and Responsiveness,2,2025-02-17T18:08:29.460553,4.591421429683861,3.2981238282881176,POI-1,2.6838290364833677,-77,1.692666615037876,2.7639939500474955,-93,4.849693428528198,5.117091800868166,-95,5.531681197617227,5.829412308721749,,,,,,,,,
Experiment 1 - Localization Accuracy and Responsiveness,2,2025-02-17T18:08:30.326893,3.9886773743638804,3.1055750251823655,POI-1,2.7465767210328593,-76,1.5848931924611136,2.4881755663084557,-96,5.907837911587945,5.302065233209196,-92,4.540909610972476,5.5280023323054115,,,,,,,,,
Experiment 1 - Localization Accuracy and Responsiveness,2,2025-02-17T18:08:30.459934,3.9886773743638804,3.1055750251823655,POI-1,2.7465767210328593,-76,1.5848931924611136,2.4881755663084557,-96,5.907837911587945,5.302065233209196,-92,4.540909610972476,5.5280023323054115,,,,,,,,,
Experiment 1 - Localization Accuracy and Responsiveness,2,2025-02-17T18:08:31.433601,4.730448911254561,3.672134785506948,POI-1,2.7465767210328593,-95,5.531681197617227,3.200120494447264,-96,5.907837911587945,5.443769188523172,-96,5.907837911587945,5.616854480767046,,,,,,,,,
Experiment 1 - Localization Accuracy and Responsiveness,2,2025-02-17T18:08:31.494778,4.730448911254561,3.672134785506948,POI-1,2.7465767210328593,-95,5.531681197617227,3.200120494447264,-96,5.907837911587945,5.443769188523172,-96,5.907837911587945,5.616854480767046,,,,,,,,,
Experiment 1 - Localization Accuracy and Responsiveness,2,2025-02-17T18:08:32.461831,4.730448911254561,3.672134785506948,POI-1,2.7465767210328593,-95,5.531681197617227,3.200120494447264,-96,5.907837911587945,5.443769188523172,-96,5.907837911587945,5.616854480767046,,,,,,,,,
Experiment 1 - Localization Accuracy and Responsiveness,2,2025-02-17T18:08:32.535856,5.414796809356788,4.229708503687872,POI-1,2.7465767210328593,-100,7.686246100397738,4.249526922118845,-97,6.309573444801933,5.646300421808123,-98,6.738627168030947,5.879262529895164,,,,,,,,,
Experiment 1 - Localization Accuracy and Responsiveness,2,2025-02-17T18:08:33.459121,5.414796809356788,4.229708503687872,POI-1,2.7465767210328593,-100,7.686246100397738,4.249526922118845,-97,6.309573444801933,5.646300421808123,-98,6.738627168030947,5.879262529895164,,,,,,,,,
Experiment 1 - Localization Accuracy and Responsiveness,2,2025-02-17T18:08:33.645785,5.350017033131395,4.998511228222234,POI-1,2.7465767210328593,-96,5.907837911587945,4.637443437233581,-97,6.309573444801933,5.801455010593515,-94,5.179474679231212,5.715566295550062,,,,,,,,,
Experiment 1 - Localization Accuracy and Responsiveness,2,2025-02-17T18:08:34.460699,5.350017033131395,4.998511228222234,POI-1,2.7465767210328593,-96,5.907837911587945,4.637443437233581,-97,6.309573444801933,5.801455010593515,-94,5.179474679231212,5.715566295550062,,,,,,,,,
Experiment 1 - Localization Accuracy and Responsiveness,2,2025-02-17T18:08:34.750943,4.770410759684325,5.172831764974532,POI-1,2.775796569700109,-80,2.06198600950222,4.034985589136127,-103,9.363292088239415,6.634649408593131,-97,6.309573444801933,5.854518027013166,,,,,,,,,
Experiment 1 - Localization Accuracy and Responsiveness,2,2025-02-17T18:08:35.461063,4.770410759684325,5.172831764974532,POI-1,2.775796569700109,-80,2.06198600950222,4.034985589136127,-103,9.363292088239415,6.634649408593131,-97,6.309573444801933,5.854518027013166,,,,,,,,,
Experiment 1 - Localization Accuracy and Responsiveness,2,2025-02-17T18:08:35.860331,4.260130602765304,4.935851427051943,POI-1,2.2610407738401195,-80,2.06198600950222,3.573456282441096,-97,6.309573444801933,6.558606774960331,-98,6.738627168030947,6.06133118759802,,,,,,,,,
Experiment 1 - Localization Accuracy and Responsiveness,2,2025-02-17T18:08:36.460573,4.260130602765304,4.935851427051943,POI-1,2.2610407738401195,-80,2.06198600950222,3.573456282441096,-97,6.309573444801933,6.558606774960331,-98,6.738627168030947,6.06133118759802,,,,,,,,,
Experiment 1 - Localization Accuracy and Responsiveness,2,2025-02-17T18:08:36.965708,3.6626452654640707,4.602031316853877,POI-1,1.7096105847634278,-80,2.06198600950222,3.2198891380988415,-97,6.309573444801933,6.500352236338844,-100,7.686246100397738,6.441435603678039,,,,,,,,,
Experiment 1 - Localization Accuracy and Responsiveness,2,2025-02-17T18:08:37.461307,3.6626452654640707,4.602031316853877,POI-1,1.7096105847634278,-80,2.06198600950222,3.2198891380988415,-97,6.309573444801933,6.500352236338844,-100,7.686246100397738,6.441435603678039,,,,,,,,,
Experiment 1 - Localization Accuracy and Responsiveness,2,2025-02-17T18:08:38.073403,3.4304573084430903,4.619367508095563,POI-1,1.4802328212722589,-80,2.06198600950222,2.949029360084917,-98,6.738627168030947,6.556090141790941,-95,5.531681197617227,6.228623434518882,,,,,,,,,
Experiment 1 - Localization Accuracy and Responsiveness,2,2025-02-17T18:08:38.459971,3.4304573084430903,4.619367508095563,POI-1,1.4802328212722589,-80,2.06198600950222,2.949029360084917,-98,6.738627168030947,6.556090141790941,-95,5.531681197617227,6.228623434518882,,,,,,,,,
Experiment 1 - Localization Accuracy and Responsiveness,2,2025-02-17T18:08:39.178180,3.1661283261085154,4.593682230051066,POI-1,1.2348884172786312,-76,1.5848931924611136,2.629927001331322,-96,5.907837911587945,6.4044492567864895,-93,4.849693428528198,5.906060461766529,,,,,,,,,
Experiment 1 - Localization Accuracy and Responsiveness,2,2025-02-17T18:08:39.460693,3.1661283261085154,4.593682230051066,POI-1,1.2348884172786312,-76,1.5848931924611136,2.629927001331322,-96,5.907837911587945,6.4044492567864895,-93,4.849693428528198,5.906060461766529,,,,,,,,,
Experiment 1 - Localization Accuracy and Responsiveness,2,2025-02-17T18:08:40.285949,2.7297836586058435,4.459239863432148,POI-1,0.9082982514950759,-76,1.5848931924611136,2.385469914639885,-98,6.738627168030947,6.4826210421641965,-96,5.907837911587945,5.906476247553932,,,,,,,,,
Experiment 1 - Localization Accuracy and Responsiveness,2,2025-02-17T18:08:40.459317,2.7297836586058435,4.459239863432148,POI-1,0.9082982514950759,-76,1.5848931924611136,2.385469914639885,-98,6.738627168030947,6.4826210421641965,-96,5.907837911587945,5.906476247553932,,,,,,,,,
Experiment 1 - Localization Accuracy and Responsiveness,2,2025-02-17T18:08:41.391979,2.4812452169484804,4.381178982321859,POI-1,0.783923727639367,-76,1.5848931924611136,2.1981968795326456,-96,5.907837911587945,6.348166244254873,-94,5.179474679231212,5.7364141080290745,,,,,,,,,
Experiment 1 - Localization Accuracy and Responsiveness,2,2025-02-17T18:08:41.458100,2.4812452169484804,4.381178982321859,POI-1,0.783923727639367,-76,1.5848931924611136,2.1981968795326456,-96,5.907837911587945,6.348166244254873,-94,5.179474679231212,5.7364141080290745,,,,,,,,,
Experiment 1 - Localization Accuracy and Responsiveness,2,2025-02-17T18:08:42.460628,2.4812452169484804,4.381178982321859,POI-1,0.783923727639367,-76,1.5848931924611136,2.1981968795326456,-96,5.907837911587945,6.348166244254873,-94,5.179474679231212,5.7364141080290745,,,,,,,,,
Experiment 1 - Localization Accuracy and Responsiveness,2,2025-02-17T18:08:42.506383,2.189470851971547,4.280094417268898,POI-1,0.744421420832469,-76,1.5848931924611136,2.0547312506448017,-97,6.309573444801933,6.339138514011646,-95,5.531681197617227,5.688522441363049,,,,,,,,,
Experiment 1 - Localization Accuracy and Responsiveness,2,2025-02-17T18:08:43.462022,2.189470851971547,4.280094417268898,POI-1,0.744421420832469,-76,1.5848931924611136,2.0547312506448017,-97,6.309573444801933,6.339138514011646,-95,5.531681197617227,5.688522441363049,,,,,,,,,
Experiment 1 - Localization Accuracy and Responsiveness,2,2025-02-17T18:08:43.609883,1.951701954100321,4.260313737924797,POI-1,0.7412614029750325,-75,1.4839817889675653,1.9212200192874516,-98,6.738627168030947,6.432587961961488,-94,5.179474679231212,5.569444635591313,,,,,,,,,
Experiment 1 - Localization Accuracy and Responsiveness,2,2025-02-17T18:08:44.463480,1.951701954100321,4.260313737924797,POI-1,0.7412614029750325,-75,1.4839817889675653,1.9212200192874516,-98,6.738627168030947,6.432587961961488,-94,5.179474679231212,5.569444635591313,,,,,,,,,
Experiment 1 - Localization Accuracy and Responsiveness,2,2025-02-17T18:08:44.715413,1.951701954100321,4.260313737924797,POI-1,0.7412614029750325,-75,1.4839817889675653,1.9212200192874516,-98,6.738627168030947,6.432587961961488,-94,5.179474679231212,5.569444635591313,,,,,,,,,
Experiment 1 - Localization Accuracy and Responsiveness,2,2025-02-17T18:08:45.463742,1.951701954100321,4.260313737924797,POI-1,0.7412614029750325,-75,1.4839817889675653,1.9212200192874516,-98,6.738627168030947,6.432587961961488,-94,5.179474679231212,5.569444635591313,,,,,,,,,
Experiment 1 - Localization Accuracy and Responsiveness,2,2025-02-17T18:08:45.825281,1.951701954100321,4.260313737924797,POI-1,0.7412614029750325,-75,1.4839817889675653,1.9212200192874516,-98,6.738627168030947,6.432587961961488,-94,5.179474679231212,5.569444635591313,,,,,,,,,
Experiment 1 - Localization Accuracy and Responsiveness,2,2025-02-17T18:08:46.464169,1.951701954100321,4.260313737924797,POI-1,0.7412614029750325,-75,1.4839817889675653,1.9212200192874516,-98,6.738627168030947,6.432587961961488,-94,5.179474679231212,5.569444635591313,,,,,,,,,
Experiment 1 - Localization Accuracy and Responsiveness,2,2025-02-17T18:08:46.928867,1.8777187872915313,4.126901310447025,POI-1,0.8816201090495706,-81,2.202201949987375,1.9869480594798523,-98,6.738627168030947,6.432587961961488,-98,6.738627168030947,5.84294292173739,,,,,,,,,
Experiment 1 - Localization Accuracy and Responsiveness,2,2025-02-17T18:08:47.461968,1.8777187872915313,4.126901310447025,POI-1,0.8816201090495706,-81,2.202201949987375,1.9869480594798523,-98,6.738627168030947,6.432587961961488,-98,6.738627168030947,5.84294292173739,,,,,,,,,
Experiment 1 - Localization Accuracy and Responsiveness,2,2025-02-17T18:08:48.036511,1.735036909414677,4.125643101590234,POI-1,0.9136221457305376,-80,2.06198600950222,2.0045011362301604,-101,8.208914159638255,6.84811090831209,-98,6.738627168030947,6.052463761719642,,,,,,,,,
Experiment 1 - Localization Accuracy and Responsiveness,2,2025-02-17T18:08:48.461002,1.735036909414677,4.125643101590234,POI-1,0.9136221457305376,-80,2.06198600950222,2.0045011362301604,-101,8.208914159638255,6.84811090831209,-98,6.738627168030947,6.052463761719642,,,,,,,,,
Experiment 1 - Localization Accuracy and Responsiveness,2,2025-02-17T18:08:49.139711,1.8011744681607427,4.2264717914801295,POI-1,0.7986723242276045,-80,2.06198600950222,2.017948150603893,-100,7.686246100397738,7.044169720545477,-96,5.907837911587945,6.01863249838311,,,,,,,,,
Experiment 1 - Localization Accuracy and Responsiveness,2,2025-02-17T18:08:49.460994,1.8011744681607427,4.2264717914801295,POI-1,0.7986723242276045,-80,2.06198600950222,2.017948150603893,-100,7.686246100397738,7.044169720545477,-96,5.907837911587945,6.01863249838311,,,,,,,,,
Experiment 1 - Localization Accuracy and Responsiveness,2,2025-02-17T18:08:50.243811,1.8513558035066415,4.256961445194797,POI-1,0.757760774306879,-80,2.06198600950222,2.028249603627745,-100,7.686246100397738,7.044169720545477,-96,5.907837911587945,5.992715134103376,,,,,,,,,
Experiment 1 - Localization Accuracy and Responsiveness,2,2025-02-17T18:08:50.458880,1.8513558035066415,4.256961445194797,POI-1,0.757760774306879,-80,2.06198600950222,2.028249603627745,-100,7.686246100397738,7.044169720545477,-96,5.907837911587945,5.992715134103376,,,,,,,,,
Experiment 1 - Localization Accuracy and Responsiveness,2,2025-02-17T18:08:51.351122,1.675773508860134,4.114606729793616,POI-1,0.942891330156145,-75,1.4839817889675653,1.900933029539502,-94,5.179474679231212,6.607975299371234,-94,5.179474679231212,5.802479764979199,,,,,,,,,
Experiment 1 - Localization Accuracy and Responsiveness,2,2025-02-17T18:08:51.460034,1.675773508860134,4.114606729793616,POI-1,0.942891330156145,-75,1.4839817889675653,1.900933029539502,-94,5.179474679231212,6.607975299371234,-94,5.179474679231212,5.802479764979199,,,,,,,,,
Experiment 1 - Localization Accuracy and Responsiveness,2,2025-02-17T18:08:52.456152,1.4434172185760188,3.9862137594052234,POI-1,1.156523641866843,-75,1.4839817889675653,1.803398686920683,-96,5.907837911587945,6.4441973003739665,-95,5.531681197617227,5.739133844210291,,,,,,,,,
Experiment 1 - Localization Accuracy and Responsiveness,2,2025-02-17T18:08:52.460182,1.4434172185760188,3.9862137594052234,POI-1,1.156523641866843,-75,1.4839817889675653,1.803398686920683,-96,5.907837911587945,6.4441973003739665,-95,5.531681197617227,5.739133844210291,,,,,,,,,
Experiment 1 - Localization Accuracy and Responsiveness,2,2025-02-17T18:08:53.461204,1.4434172185760188,3.9862137594052234,POI-1,1.156523641866843,-75,1.4839817889675653,1.803398686920683,-96,5.907837911587945,6.4441973003739665,-95,5.531681197617227,5.739133844210291,,,,,,,,,
Experiment 1 - Localization Accuracy and Responsiveness,2,2025-02-17T18:08:53.561855,1.3332264359626995,3.9169502560550415,POI-1,1.271842652830233,-75,1.4839817889675653,1.7286798370128011,-95,5.531681197617227,6.2307391077819965,-94,5.179474679231212,5.608216884539046,,,,,,,,,
Experiment 1 - Localization Accuracy and Responsiveness,2,2025-02-17T18:08:54.459757,1.3332264359626995,3.9169502560550415,POI-1,1.271842652830233,-75,1.4839817889675653,1.7286798370128011,-95,5.531681197617227,6.2307391077819965,-94,5.179474679231212,5.608216884539046,,,,,,,,,
Experiment 1 - Localization Accuracy and Responsiveness,2,2025-02-17T18:08:54.668039,1.325023072369591,3.9531190687187703,POI-1,1.245613719061267,-74,1.3894954943731377,1.6493369338940176,-95,5.531681197617227,6.067213623058939,-92,4.540909610972476,5.358549529774002,,,,,,,,,
Experiment 1 - Localization Accuracy and Responsiveness,2,2025-02-17T18:08:55.460634,1.325023072369591,3.9531190687187703,POI-1,1.245613719061267,-74,1.3894954943731377,1.6493369338940176,-95,5.531681197617227,6.067213623058939,-92,4.540909610972476,5.358549529774002,,,,,,,,,
Experiment 1 - Localization Accuracy and Responsiveness,2,2025-02-17T18:08:55.777097,3.676979284745607,4.8076501519724575,POI-1,1.687974521579667,-96,5.907837911587945,2.6454968034059405,-93,4.849693428528198,5.782408062495547,-93,4.849693428528198,5.239516557826238,,,,,,,,,
Experiment 1 - Localization Accuracy and Responsiveness,2,2025-02-17T18:08:56.461310,3.676979284745607,4.8076501519724575,POI-1,1.687974521579667,-96,5.907837911587945,2.6454968034059405,-93,4.849693428528198,5.782408062495547,-93,4.849693428528198,5.239516557826238,,,,,,,,,
Experiment 1 - Localization Accuracy and Responsiveness,2,2025-02-17T18:08:56.889226,4.09463274472336,4.8870816862672,POI-1,2.097674159835978,-89,3.72759372031494,2.8986237908584718,-93,4.849693428528198,5.564224975786965,-93,4.849693428528198,5.148328095114048,,,,,,,,,
Experiment 1 - Localization Accuracy and Responsiveness,3,2025-02-17T18:08:56.995958,4.09463274472336,4.8870816862672,POI-1,2.097674159835978,-89,3.72759372031494,2.8986237908584718,-93,4.849693428528198,5.564224975786965,-93,4.849693428528198,5.148328095114048,,,,,,,,,
Experiment 1 - Localization Accuracy and Responsiveness,3,2025-02-17T18:08:57.992469,4.835634462598771,5.223403380007129,POI-1,2.8444211846483682,-93,4.849693428528198,3.355023187230629,-94,5.179474679231212,5.474223163595483,-88,3.4902548789595804,4.760467200565168,,,,,,,,,
Experiment 1 - Localization Accuracy and Responsiveness,3,2025-02-17T18:08:57.997677,4.835634462598771,5.223403380007129,POI-1,2.8444211846483682,-93,4.849693428528198,3.355023187230629,-94,5.179474679231212,5.474223163595483,-88,3.4902548789595804,4.760467200565168,,,,,,,,,
Experiment 1 - Localization Accuracy and Responsiveness,3,2025-02-17T18:08:58.999437,4.835634462598771,5.223403380007129,POI-1,2.8444211846483682,-93,4.849693428528198,3.355023187230629,-94,5.179474679231212,5.474223163595483,-88,3.4902548789595804,4.760467200565168,,,,,,,,,
Experiment 1 - Localization Accuracy and Responsiveness,3,2025-02-17T18:08:59.093343,5.4553977808000775,5.6669243507655915,POI-1,2.8444211846483682,-94,5.179474679231212,3.7818037303658616,-96,5.907837911587945,5.5756554781684216,-84,2.6826957952797255,4.274429389888043,,,,,,,,,
Experiment 1 - Localization Accuracy and Responsiveness,3,2025-02-17T18:08:59.999004,5.4553977808000775,5.6669243507655915,POI-1,2.8444211846483682,-94,5.179474679231212,3.7818037303658616,-96,5.907837911587945,5.5756554781684216,-84,2.6826957952797255,4.274429389888043,,,,,,,,,
Experiment 1 - Localization Accuracy and Responsiveness,3,2025-02-17T18:09:00.204544,4.886331016287256,5.122926497766918,POI-1,2.8889475002905587,-92,4.540909610972476,3.959375795966352,-95,5.531681197617227,5.565368897560548,-74,1.3894954943731377,3.599577983733639,,,,,,,,,
Experiment 1 - Localization Accuracy and Responsiveness,3,2025-02-17T18:09:00.997311,4.886331016287256,5.122926497766918,POI-1,2.8889475002905587,-92,4.540909610972476,3.959375795966352,-95,5.531681197617227,5.565368897560548,-74,1.3894954943731377,3.599577983733639,,,,,,,,,
Experiment 1 - Localization Accuracy and Responsiveness,3,2025-02-17T18:09:01.312240,5.445205491004346,5.081496497926613,POI-1,2.8889475002905587,-95,5.531681197617227,4.327173655341177,-89,3.72759372031494,5.135471642553081,-96,5.907837911587945,4.139532282341343,,,,,,,,,
Experiment 1 - Localization Accuracy and Responsiveness,3,2025-02-17T18:09:01.999182,5.445205491004346,5.081496497926613,POI-1,2.8889475002905587,-95,5.531681197617227,4.327173655341177,-89,3.72759372031494,5.135471642553081,-96,5.907837911587945,4.139532282341343,,,,,,,,,
Experiment 1 - Localization Accuracy and Responsiveness,3,2025-02-17T18:09:02.418654,5.52393438951936,5.455981785367367,POI-1,2.8889475002905587,-94,5.179474679231212,4.526546176608729,-93,4.849693428528198,5.068621643014854,-83,2.51188643150958,3.7587890379769346,,,,,,,,,
Experiment 1 - Localization Accuracy and Responsiveness,3,2025-02-17T18:09:02.996994,5.52393438951936,5.455981785367367,POI-1,2.8889475002905587,-94,5.179474679231212,4.526546176608729,-93,4.849693428528198,5.068621643014854,-83,2.51188643150958,3.7587890379769346,,,,,,,,,
Experiment 1 - Localization Accuracy and Responsiveness,3,2025-02-17T18:09:03.525029,6.879708207404997,6.249869091535128,,,-98,6.738627168030947,5.044002042723911,-91,4.25178630338289,4.877545348891014,-68,0.9363292088239414,3.0985517315071247,,,,,,,,,
Experiment 1 - Localization Accuracy and Responsiveness,3,2025-02-17T18:09:03.998715,6.879708207404997,6.249869091535128,,,-98,6.738627168030947,5.044002042723911,-91,4.25178630338289,4.877545348891014,-68,0.9363292088239414,3.0985517315071247,,,,,,,,,
Experiment 1 - Localization Accuracy and Responsiveness,3,2025-02-17T18:09:04.629246,6.879708207404997,6.249869091535128,,,-98,6.738627168030947,5.044002042723911,-91,4.25178630338289,4.877545348891014,-68,0.9363292088239414,3.0985517315071247,,,,,,,,,
Experiment 1 - Localization Accuracy and Responsiveness,3,2025-02-17T18:09:04.999566,6.879708207404997,6.249869091535128,,,-98,6.738627168030947,5.044002042723911,-91,4.25178630338289,4.877545348891014,-68,0.9363292088239414,3.0985517315071247,,,,,,,,,
Experiment 1 - Localization Accuracy and Responsiveness,3,2025-02-17T18:09:05.733941,6.879708207404997,6.249869091535128,,,-98,6.738627168030947,5.044002042723911,-91,4.25178630338289,4.877545348891014,-68,0.9363292088239414,3.0985517315071247,,,,,,,,,
Experiment 1 - Localization Accuracy and Responsiveness,3,2025-02-17T18:09:05.999426,6.879708207404997,6.249869091535128,,,-98,6.738627168030947,5.044002042723911,-91,4.25178630338289,4.877545348891014,-68,0.9363292088239414,3.0985517315071247,,,,,,,,,
Experiment 1 - Localization Accuracy and Responsiveness,3,2025-02-17T18:09:06.843945,6.879708207404997,6.249869091535128,,,-98,6.738627168030947,5.044002042723911,-91,4.25178630338289,4.877545348891014,-68,0.9363292088239414,3.0985517315071247,,,,,,,,,
Experiment 1 - Localization Accuracy and Responsiveness,3,2025-02-17T18:09:06.998876,6.879708207404997,6.249869091535128,,,-98,6.738627168030947,5.044002042723911,-91,4.25178630338289,4.877545348891014,-68,0.9363292088239414,3.0985517315071247,,,,,,,,,
Experiment 1 - Localization Accuracy and Responsiveness,3,2025-02-17T18:09:07.950814,7.1065906061075115,6.2865479800715445,,,-98,6.738627168030947,5.044002042723911,-87,3.268027589410125,4.501042675847166,-78,1.8077686769634342,2.796608327967331,,,,,,,,,
Experiment 1 - Localization Accuracy and Responsiveness,3,2025-02-17T18:09:08.014688,7.1065906061075115,6.2865479800715445,,,-98,6.738627168030947,5.044002042723911,-87,3.268027589410125,4.501042675847166,-78,1.8077686769634342,2.796608327967331,,,,,,,,,
Experiment 1 - Localization Accuracy and Responsiveness,3,2025-02-17T18:09:08.997972,7.1065906061075115,6.2865479800715445,,,-98,6.738627168030947,5.044002042723911,-87,3.268027589410125,4.501042675847166,-78,1.8077686769634342,2.796608327967331,,,,,,,,,
Experiment 1 - Localization Accuracy and Responsiveness,3,2025-02-17T18:09:09.053281,7.264170743266494,6.243473552343807,,,-98,6.738627168030947,5.044002042723911,-87,3.268027589410125,4.212612508977392,-80,2.06198600950222,2.6247635223101446,,,,,,,,,
Experiment 1 - Localization Accuracy and Responsiveness,3,2025-02-17T18:09:09.997724,7.264170743266494,6.243473552343807,,,-98,6.738627168030947,5.044002042723911,-87,3.268027589410125,4.212612508977392,-80,2.06198600950222,2.6247635223101446,,,,,,,,,
Experiment 1 - Localization Accuracy and Responsiveness,3,2025-02-17T18:09:10.161104,7.39693135623031,6.290600112938934,,,-98,6.738627168030947,5.044002042723911,-88,3.4902548789595804,4.0436366918462765,-79,1.93069772888325,2.4624058068054664,,,,,,,,,
Experiment 1 - Localization Accuracy and Responsiveness,3,2025-02-17T18:09:10.998269,7.39693135623031,6.290600112938934,,,-98,6.738627168030947,5.044002042723911,-88,3.4902548789595804,4.0436366918462765,-79,1.93069772888325,2.4624058068054664,,,,,,,,,
Experiment 1 - Localization Accuracy and Responsiveness,3,2025-02-17T18:09:11.267743,7.502125813289763,6.237811884596438,,,-98,6.738627168030947,5.044002042723911,-87,3.268027589410125,3.8622041487232144,-80,2.06198600950222,2.36873854334329,,,,,,,,,
Experiment 1 - Localization Accuracy and Responsiveness,3,2025-02-17T18:09:11.998517,7.502125813289763,6.237811884596438,,,-98,6.738627168030947,5.044002042723911,-87,3.268027589410125,3.8622041487232144,-80,2.06198600950222,2.36873854334329,,,,,,,,,
Experiment 1 - Localization Accuracy and Responsiveness,3,2025-02-17T18:09:12.376361,7.658075467363588,6.565670721126899,,,-98,6.738627168030947,5.044002042723911,-89,3.72759372031494,3.830715719461248,-73,1.3010252169108314,2.1189762036124042,,,,,,,,,
Experiment 1 - Localization Accuracy and Responsiveness,3,2025-02-17T18:09:12.999241,7.658075467363588,6.565670721126899,,,-98,6.738627168030947,5.044002042723911,-89,3.72759372031494,3.830715719461248,-73,1.3010252169108314,2.1189762036124042,,,,,,,,,
Experiment 1 - Localization Accuracy and Responsiveness,3,2025-02-17T18:09:13.481058,7.888862954801329,6.901374048420236,,,-96,5.907837911587945,5.246072825592043,-89,3.72759372031494,3.830715719461248,-72,1.2181879120101156,1.9082614117829264,,,,,,,,,
Experiment 1 - Localization Accuracy and Responsiveness,3,2025-02-17T18:09:13.999420,7.888862954801329,6.901374048420236,,,-96,5.907837911587945,5.246072825592043,-89,3.72759372031494,3.830715719461248,-72,1.2181879120101156,1.9082614117829264,,,,,,,,,
Experiment 1 - Localization Accuracy and Responsiveness,3,2025-02-17T18:09:14.590193,7.945436982524581,7.2081380447394885,,,-93,4.849693428528198,5.153350703294877,-89,3.72759372031494,3.830715719461248,-73,1.3010252169108314,1.7662151068002112,,,,,,,,,
Experiment 1 - Localization Accuracy and Responsiveness,3,2025-02-17T18:09:14.999166,7.945436982524581,7.2081380447394885,,,-93,4.849693428528198,5.153350703294877,-89,3.72759372031494,3.830715719461248,-73,1.3010252169108314,1.7662151068002112,,,,,,,,,
Experiment 1 - Localization Accuracy and Responsiveness,3,2025-02-17T18:09:15.693384,7.980055711874726,7.151909930969788,,,-92,4.540909610972476,5.010086854863874,-86,3.0599496872071956,3.6504160801900123,-75,1.4839817889675653,1.7001943388030334,,,,,,,,,
Experiment 1 - Localization Accuracy and Responsiveness,3,2025-02-17T18:09:15.999417,7.980055711874726,7.151909930969788,,,-92,4.540909610972476,5.010086854863874,-86,3.0599496872071956,3.6504160801900123,-75,1.4839817889675653,1.7001943388030334,,,,,,,,,
Experiment 1 - Localization Accuracy and Responsiveness,3,2025-02-17T18:09:16.797944,8.079868915541347,7.137375787977263,,,-92,4.540909610972476,5.010086854863874,-86,3.0599496872071956,3.512292611846121,-74,1.3894954943731377,1.6275148391513992,,,,,,,,,
Experiment 1 - Localization Accuracy and Responsiveness,3,2025-02-17T18:09:17.000576,8.079868915541347,7.137375787977263,,,-92,4.540909610972476,5.010086854863874,-86,3.0599496872071956,3.512292611846121,-74,1.3894954943731377,1.6275148391513992,,,,,,,,,
Experiment 1 - Localization Accuracy and Responsiveness,3,2025-02-17T18:09:17.904972,8.19274054225913,7.226081656876213,,,-92,4.540909610972476,5.010086854863874,-86,3.0599496872071956,3.4064793524050097,-72,1.2181879120101156,1.5317639961987728,,,,,,,,,
Experiment 1 - Localization Accuracy and Responsiveness,3,2025-02-17T18:09:17.998779,8.19274054225913,7.226081656876213,,,-92,4.540909610972476,5.010086854863874,-86,3.0599496872071956,3.4064793524050097,-72,1.2181879120101156,1.5317639961987728,,,,,,,,,
Experiment 1 - Localization Accuracy and Responsiveness,3,2025-02-17T18:09:18.998809,8.19274054225913,7.226081656876213,,,-92,4.540909610972476,5.010086854863874,-86,3.0599496872071956,3.4064793524050097,-72,1.2181879120101156,1.5317639961987728,,,,,,,,,
Experiment 1 - Localization Accuracy and Responsiveness,3,2025-02-17T18:09:19.009977,8.23189370594496,7.266148083709523,,,-92,4.540909610972476,5.010086854863874,-87,3.268027589410125,3.3740923479447296,-74,1.3894954943731377,1.4984841700447755,,,,,,,,,
Experiment 1 - Localization Accuracy and Responsiveness,3,2025-02-17T18:09:19.999354,8.23189370594496,7.266148083709523,,,-92,4.540909610972476,5.010086854863874,-87,3.268027589410125,3.3740923479447296,-74,1.3894954943731377,1.4984841700447755,,,,,,,,,
Experiment 1 - Localization Accuracy and Responsiveness,3,2025-02-17T18:09:20.113712,8.076439625969831,7.135918191557476,,,-92,4.540909610972476,5.010086854863874,-90,3.9810717055349722,3.516078572867697,-80,2.06198600950222,1.6303000183453749,,,,,,,,,
Experiment 1 - Localization Accuracy and Responsiveness,3,2025-02-17T18:09:20.998811,8.076439625969831,7.135918191557476,,,-92,4.540909610972476,5.010086854863874,-90,3.9810717055349722,3.516078572867697,-80,2.06198600950222,1.6303000183453749,,,,,,,,,
Experiment 1 - Localization Accuracy and Responsiveness,3,2025-02-17T18:09:21.220574,7.987667884787779,7.1179355210881905,,,-92,4.540909610972476,5.010086854863874,-90,3.9810717055349722,3.624851002600145,-79,1.93069772888325,1.7005698493724273,,,,,,,,,
Experiment 1 - Localization Accuracy and Responsiveness,3,2025-02-17T18:09:21.999391,7.987667884787779,7.1179355210881905,,,-92,4.540909610972476,5.010086854863874,-90,3.9810717055349722,3.624851002600145,-79,1.93069772888325,1.7005698493724273,,,,,,,,,
Experiment 1 - Localization Accuracy and Responsiveness,3,2025-02-17T18:09:22.327988,7.918242765565502,6.9656475535919595,,,-92,4.540909610972476,5.010086854863874,-89,3.72759372031494,3.6488848522594903,-80,2.06198600950222,1.7851132783396217,,,,,,,,,
Experiment 1 - Localization Accuracy and Responsiveness,3,2025-02-17T18:09:22.999038,7.918242765565502,6.9656475535919595,,,-92,4.540909610972476,5.010086854863874,-89,3.72759372031494,3.6488848522594903,-80,2.06198600950222,1.7851132783396217,,,,,,,,,
Experiment 1 - Localization Accuracy and Responsiveness,3,2025-02-17T18:09:23.432709,7.851874502433925,7.067995257448018,,,-92,4.540909610972476,5.010086854863874,-91,4.25178630338289,3.789917162461017,-79,1.93069772888325,1.8191687800328584,,,,,,,,,
Experiment 1 - Localization Accuracy and Responsiveness,3,2025-02-17T18:09:24.001637,7.851874502433925,7.067995257448018,,,-92,4.540909610972476,5.010086854863874,-91,4.25178630338289,3.789917162461017,-79,1.93069772888325,1.8191687800328584,,,,,,,,,
Experiment 1 - Localization Accuracy and Responsiveness,3,2025-02-17T18:09:24.544999,7.85392978567304,6.930491139224013,,,-92,4.540909610972476,5.010086854863874,-88,3.4902548789595804,3.7198193644813893,-79,1.93069772888325,1.8452579282367814,,,,,,,,,
Experiment 1 - Localization Accuracy and Responsiveness,3,2025-02-17T18:09:25.001124,7.85392978567304,6.930491139224013,,,-92,4.540909610972476,5.010086854863874,-88,3.4902548789595804,3.7198193644813893,-79,1.93069772888325,1.8452579282367814,,,,,,,,,
Experiment 1 - Localization Accuracy and Responsiveness,3,2025-02-17T18:09:25.650038,7.85392978567304,6.930491139224013,,,-92,4.540909610972476,5.010086854863874,-88,3.4902548789595804,3.7198193644813893,-79,1.93069772888325,1.8452579282367814,,,,,,,,,
Experiment 1 - Localization Accuracy and Responsiveness,3,2025-02-17T18:09:26.001400,7.85392978567304,6.930491139224013,,,-92,4.540909610972476,5.010086854863874,-88,3.4902548789595804,3.7198193644813893,-79,1.93069772888325,1.8452579282367814,,,,,,,,,
Experiment 1 - Localization Accuracy and Responsiveness,3,2025-02-17T18:09:26.754985,0,0,,,,,,-88,3.4902548789595804,3.7198193644813893,-79,1.93069772888325,1.8452579282367814,,,,,,,,,
Experiment 1 - Localization Accuracy and Responsiveness,3,2025-02-17T18:09:26.999360,0,0,,,,,,-88,3.4902548789595804,3.7198193644813893,-79,1.93069772888325,1.8452579282367814,,,,,,,,,